name1,name,value,name1_id,name_id,name1_reclamation,name_reclamation,age,sampling_yr,assembly
BM91I_A1,BM91I_A2,-2.72253233170364,2004,2004,no_biosolids,no_biosolids,14,2018,1
BM91I_A1,BM91I_A3,-2.50044693630724,2004,2004,no_biosolids,no_biosolids,14,2018,1
BM91I_A1,BM91I_B1,-0.405889699187362,2004,2004,no_biosolids,no_biosolids,14,2018,0
BM91I_A1,BM91I_B2,-2.30470225591014,2004,2004,no_biosolids,no_biosolids,14,2018,1
BM91I_A1,BM91I_B3,-1.28518029500553,2004,2004,no_biosolids,no_biosolids,14,2018,0
BM91I_A1,BM91I_C2,-2.85360681148134,2004,2004,no_biosolids,no_biosolids,14,2018,1
BM91I_A1,BM91I_C3,-2.4522716469288,2004,2004,no_biosolids,no_biosolids,14,2018,1
BM91I_A2,BM91I_A1,-2.72253233170364,2004,2004,no_biosolids,no_biosolids,14,2018,1
BM91I_A2,BM91I_A3,-2.49525037279052,2004,2004,no_biosolids,no_biosolids,14,2018,1
BM91I_A2,BM91I_B1,-0.245511490675715,2004,2004,no_biosolids,no_biosolids,14,2018,0
BM91I_A2,BM91I_B2,-2.54504624920365,2004,2004,no_biosolids,no_biosolids,14,2018,1
BM91I_A2,BM91I_B3,-1.53269462141354,2004,2004,no_biosolids,no_biosolids,14,2018,0
BM91I_A2,BM91I_C2,-3.14775956585869,2004,2004,no_biosolids,no_biosolids,14,2018,1
BM91I_A2,BM91I_C3,-3.27437009095203,2004,2004,no_biosolids,no_biosolids,14,2018,1
BM91I_A3,BM91I_A1,-2.50044693630724,2004,2004,no_biosolids,no_biosolids,14,2018,1
BM91I_A3,BM91I_A2,-2.49525037279052,2004,2004,no_biosolids,no_biosolids,14,2018,1
BM91I_A3,BM91I_B1,-0.445867905465583,2004,2004,no_biosolids,no_biosolids,14,2018,0
BM91I_A3,BM91I_B2,-2.42765528113844,2004,2004,no_biosolids,no_biosolids,14,2018,1
BM91I_A3,BM91I_B3,-0.99411242819546,2004,2004,no_biosolids,no_biosolids,14,2018,0
BM91I_A3,BM91I_C2,-2.36250304909766,2004,2004,no_biosolids,no_biosolids,14,2018,1
BM91I_A3,BM91I_C3,-2.93848502982543,2004,2004,no_biosolids,no_biosolids,14,2018,1
BM91I_B1,BM91I_A1,-0.405889699187362,2004,2004,no_biosolids,no_biosolids,14,2018,0
BM91I_B1,BM91I_A2,-0.245511490675715,2004,2004,no_biosolids,no_biosolids,14,2018,0
BM91I_B1,BM91I_A3,-0.445867905465583,2004,2004,no_biosolids,no_biosolids,14,2018,0
BM91I_B1,BM91I_B2,1.5693113281969,2004,2004,no_biosolids,no_biosolids,14,2018,0
BM91I_B1,BM91I_B3,-0.0970833017207443,2004,2004,no_biosolids,no_biosolids,14,2018,0
BM91I_B1,BM91I_C2,-0.160652787267627,2004,2004,no_biosolids,no_biosolids,14,2018,0
BM91I_B1,BM91I_C3,-0.535482341148622,2004,2004,no_biosolids,no_biosolids,14,2018,0
BM91I_B2,BM91I_A1,-2.30470225591014,2004,2004,no_biosolids,no_biosolids,14,2018,1
BM91I_B2,BM91I_A2,-2.54504624920365,2004,2004,no_biosolids,no_biosolids,14,2018,1
BM91I_B2,BM91I_A3,-2.42765528113844,2004,2004,no_biosolids,no_biosolids,14,2018,1
BM91I_B2,BM91I_B1,1.5693113281969,2004,2004,no_biosolids,no_biosolids,14,2018,0
BM91I_B2,BM91I_B3,0.139607828458568,2004,2004,no_biosolids,no_biosolids,14,2018,0
BM91I_B2,BM91I_C2,-2.40658361045675,2004,2004,no_biosolids,no_biosolids,14,2018,1
BM91I_B2,BM91I_C3,-2.99124342159889,2004,2004,no_biosolids,no_biosolids,14,2018,1
BM91I_B3,BM91I_A1,-1.28518029500553,2004,2004,no_biosolids,no_biosolids,14,2018,0
BM91I_B3,BM91I_A2,-1.53269462141354,2004,2004,no_biosolids,no_biosolids,14,2018,0
BM91I_B3,BM91I_A3,-0.99411242819546,2004,2004,no_biosolids,no_biosolids,14,2018,0
BM91I_B3,BM91I_B1,-0.0970833017207443,2004,2004,no_biosolids,no_biosolids,14,2018,0
BM91I_B3,BM91I_B2,0.139607828458568,2004,2004,no_biosolids,no_biosolids,14,2018,0
BM91I_B3,BM91I_C2,-1.81647338097448,2004,2004,no_biosolids,no_biosolids,14,2018,0
BM91I_B3,BM91I_C3,-1.75779024354435,2004,2004,no_biosolids,no_biosolids,14,2018,0
BM91I_C2,BM91I_A1,-2.85360681148134,2004,2004,no_biosolids,no_biosolids,14,2018,1
BM91I_C2,BM91I_A2,-3.14775956585869,2004,2004,no_biosolids,no_biosolids,14,2018,1
BM91I_C2,BM91I_A3,-2.36250304909766,2004,2004,no_biosolids,no_biosolids,14,2018,1
BM91I_C2,BM91I_B1,-0.160652787267627,2004,2004,no_biosolids,no_biosolids,14,2018,0
BM91I_C2,BM91I_B2,-2.40658361045675,2004,2004,no_biosolids,no_biosolids,14,2018,1
BM91I_C2,BM91I_B3,-1.81647338097448,2004,2004,no_biosolids,no_biosolids,14,2018,0
BM91I_C2,BM91I_C3,-2.91211733765393,2004,2004,no_biosolids,no_biosolids,14,2018,1
BM91I_C3,BM91I_A1,-2.4522716469288,2004,2004,no_biosolids,no_biosolids,14,2018,1
BM91I_C3,BM91I_A2,-3.27437009095203,2004,2004,no_biosolids,no_biosolids,14,2018,1
BM91I_C3,BM91I_A3,-2.93848502982543,2004,2004,no_biosolids,no_biosolids,14,2018,1
BM91I_C3,BM91I_B1,-0.535482341148622,2004,2004,no_biosolids,no_biosolids,14,2018,0
BM91I_C3,BM91I_B2,-2.99124342159889,2004,2004,no_biosolids,no_biosolids,14,2018,1
BM91I_C3,BM91I_B3,-1.75779024354435,2004,2004,no_biosolids,no_biosolids,14,2018,0
BM91I_C3,BM91I_C2,-2.91211733765393,2004,2004,no_biosolids,no_biosolids,14,2018,1
BM98A_A1,BM98A_A2,-1.25480841702992,2008,2008,biosolids,biosolids,10,2018,0
BM98A_A1,BM98A_A3,-1.11687524297936,2008,2008,biosolids,biosolids,10,2018,0
BM98A_A1,BM98A_B1,-1.76359147835472,2008,2008,biosolids,biosolids,10,2018,0
BM98A_A1,BM98A_B2,-1.32590831367256,2008,2008,biosolids,biosolids,10,2018,0
BM98A_A1,BM98A_B3,-2.62870909223991,2008,2008,biosolids,biosolids,10,2018,1
BM98A_A1,BM98A_C1,-2.29186021893046,2008,2008,biosolids,biosolids,10,2018,1
BM98A_A1,BM98A_C2,-2.17398850343367,2008,2008,biosolids,biosolids,10,2018,1
BM98A_A1,BM98A_C3,-2.15258275683214,2008,2008,biosolids,biosolids,10,2018,1
BM98A_A2,BM98A_A1,-1.25480841702992,2008,2008,biosolids,biosolids,10,2018,0
BM98A_A2,BM98A_A3,-2.67509799664847,2008,2008,biosolids,biosolids,10,2018,1
BM98A_A2,BM98A_B1,-0.835413264431962,2008,2008,biosolids,biosolids,10,2018,0
BM98A_A2,BM98A_B2,-2.74133580789653,2008,2008,biosolids,biosolids,10,2018,1
BM98A_A2,BM98A_B3,-1.82477179323219,2008,2008,biosolids,biosolids,10,2018,0
BM98A_A2,BM98A_C1,-2.17577630148939,2008,2008,biosolids,biosolids,10,2018,1
BM98A_A2,BM98A_C2,-1.46175821077548,2008,2008,biosolids,biosolids,10,2018,0
BM98A_A2,BM98A_C3,-1.38800350212187,2008,2008,biosolids,biosolids,10,2018,0
BM98A_A3,BM98A_A1,-1.11687524297936,2008,2008,biosolids,biosolids,10,2018,0
BM98A_A3,BM98A_A2,-2.67509799664847,2008,2008,biosolids,biosolids,10,2018,1
BM98A_A3,BM98A_B1,-2.1959373029918,2008,2008,biosolids,biosolids,10,2018,1
BM98A_A3,BM98A_B2,-2.47784436972465,2008,2008,biosolids,biosolids,10,2018,1
BM98A_A3,BM98A_B3,-1.15774495883738,2008,2008,biosolids,biosolids,10,2018,0
BM98A_A3,BM98A_C1,-2.38190688173793,2008,2008,biosolids,biosolids,10,2018,1
BM98A_A3,BM98A_C2,-2.66774572219439,2008,2008,biosolids,biosolids,10,2018,1
BM98A_A3,BM98A_C3,-0.697758034591704,2008,2008,biosolids,biosolids,10,2018,0
BM98A_B1,BM98A_A1,-1.76359147835472,2008,2008,biosolids,biosolids,10,2018,0
BM98A_B1,BM98A_A2,-0.835413264431962,2008,2008,biosolids,biosolids,10,2018,0
BM98A_B1,BM98A_A3,-2.1959373029918,2008,2008,biosolids,biosolids,10,2018,1
BM98A_B1,BM98A_B2,-1.96893771976195,2008,2008,biosolids,biosolids,10,2018,0
BM98A_B1,BM98A_B3,-2.46251178226354,2008,2008,biosolids,biosolids,10,2018,1
BM98A_B1,BM98A_C1,-1.59508528802064,2008,2008,biosolids,biosolids,10,2018,0
BM98A_B1,BM98A_C2,-1.83027991399826,2008,2008,biosolids,biosolids,10,2018,0
BM98A_B1,BM98A_C3,-1.36345091175447,2008,2008,biosolids,biosolids,10,2018,0
BM98A_B2,BM98A_A1,-1.32590831367256,2008,2008,biosolids,biosolids,10,2018,0
BM98A_B2,BM98A_A2,-2.74133580789653,2008,2008,biosolids,biosolids,10,2018,1
BM98A_B2,BM98A_A3,-2.47784436972465,2008,2008,biosolids,biosolids,10,2018,1
BM98A_B2,BM98A_B1,-1.96893771976195,2008,2008,biosolids,biosolids,10,2018,0
BM98A_B2,BM98A_B3,-1.64314275514995,2008,2008,biosolids,biosolids,10,2018,0
BM98A_B2,BM98A_C1,-1.91788825778868,2008,2008,biosolids,biosolids,10,2018,0
BM98A_B2,BM98A_C2,-2.27381909781692,2008,2008,biosolids,biosolids,10,2018,1
BM98A_B2,BM98A_C3,-0.228189332439082,2008,2008,biosolids,biosolids,10,2018,0
BM98A_B3,BM98A_A1,-2.62870909223991,2008,2008,biosolids,biosolids,10,2018,1
BM98A_B3,BM98A_A2,-1.82477179323219,2008,2008,biosolids,biosolids,10,2018,0
BM98A_B3,BM98A_A3,-1.15774495883738,2008,2008,biosolids,biosolids,10,2018,0
BM98A_B3,BM98A_B1,-2.46251178226354,2008,2008,biosolids,biosolids,10,2018,1
BM98A_B3,BM98A_B2,-1.64314275514995,2008,2008,biosolids,biosolids,10,2018,0
BM98A_B3,BM98A_C1,-1.99610739148164,2008,2008,biosolids,biosolids,10,2018,0
BM98A_B3,BM98A_C2,-2.540692371166,2008,2008,biosolids,biosolids,10,2018,1
BM98A_B3,BM98A_C3,-1.73052522229499,2008,2008,biosolids,biosolids,10,2018,0
BM98A_C1,BM98A_A1,-2.29186021893046,2008,2008,biosolids,biosolids,10,2018,1
BM98A_C1,BM98A_A2,-2.17577630148939,2008,2008,biosolids,biosolids,10,2018,1
BM98A_C1,BM98A_A3,-2.38190688173793,2008,2008,biosolids,biosolids,10,2018,1
BM98A_C1,BM98A_B1,-1.59508528802064,2008,2008,biosolids,biosolids,10,2018,0
BM98A_C1,BM98A_B2,-1.91788825778868,2008,2008,biosolids,biosolids,10,2018,0
BM98A_C1,BM98A_B3,-1.99610739148164,2008,2008,biosolids,biosolids,10,2018,0
BM98A_C1,BM98A_C2,-1.87549772480909,2008,2008,biosolids,biosolids,10,2018,0
BM98A_C1,BM98A_C3,-1.5868818094308,2008,2008,biosolids,biosolids,10,2018,0
BM98A_C2,BM98A_A1,-2.17398850343367,2008,2008,biosolids,biosolids,10,2018,1
BM98A_C2,BM98A_A2,-1.46175821077548,2008,2008,biosolids,biosolids,10,2018,0
BM98A_C2,BM98A_A3,-2.66774572219439,2008,2008,biosolids,biosolids,10,2018,1
BM98A_C2,BM98A_B1,-1.83027991399826,2008,2008,biosolids,biosolids,10,2018,0
BM98A_C2,BM98A_B2,-2.27381909781692,2008,2008,biosolids,biosolids,10,2018,1
BM98A_C2,BM98A_B3,-2.540692371166,2008,2008,biosolids,biosolids,10,2018,1
BM98A_C2,BM98A_C1,-1.87549772480909,2008,2008,biosolids,biosolids,10,2018,0
BM98A_C2,BM98A_C3,-1.13947380988522,2008,2008,biosolids,biosolids,10,2018,0
BM98A_C3,BM98A_A1,-2.15258275683214,2008,2008,biosolids,biosolids,10,2018,1
BM98A_C3,BM98A_A2,-1.38800350212187,2008,2008,biosolids,biosolids,10,2018,0
BM98A_C3,BM98A_A3,-0.697758034591704,2008,2008,biosolids,biosolids,10,2018,0
BM98A_C3,BM98A_B1,-1.36345091175447,2008,2008,biosolids,biosolids,10,2018,0
BM98A_C3,BM98A_B2,-0.228189332439082,2008,2008,biosolids,biosolids,10,2018,0
BM98A_C3,BM98A_B3,-1.73052522229499,2008,2008,biosolids,biosolids,10,2018,0
BM98A_C3,BM98A_C1,-1.5868818094308,2008,2008,biosolids,biosolids,10,2018,0
BM98A_C3,BM98A_C2,-1.13947380988522,2008,2008,biosolids,biosolids,10,2018,0
BM98B_A1,BM98B_A2,-1.24773216472996,2004,2004,biosolids,biosolids,14,2018,0
BM98B_A1,BM98B_A3,-1.16008965645672,2004,2004,biosolids,biosolids,14,2018,0
BM98B_A1,BM98B_B1,-0.838347854466698,2004,2004,biosolids,biosolids,14,2018,0
BM98B_A1,BM98B_B2,-0.289968468997192,2004,2004,biosolids,biosolids,14,2018,0
BM98B_A1,BM98B_C1,-2.16729712342286,2004,2004,biosolids,biosolids,14,2018,1
BM98B_A2,BM98B_A1,-1.24773216472996,2004,2004,biosolids,biosolids,14,2018,0
BM98B_A2,BM98B_A3,-1.25273006558742,2004,2004,biosolids,biosolids,14,2018,0
BM98B_A2,BM98B_B1,-1.99408495515084,2004,2004,biosolids,biosolids,14,2018,0
BM98B_A2,BM98B_B2,-1.40251565940527,2004,2004,biosolids,biosolids,14,2018,0
BM98B_A2,BM98B_C1,-1.24084023798689,2004,2004,biosolids,biosolids,14,2018,0
BM98B_A3,BM98B_A1,-1.16008965645672,2004,2004,biosolids,biosolids,14,2018,0
BM98B_A3,BM98B_A2,-1.25273006558742,2004,2004,biosolids,biosolids,14,2018,0
BM98B_A3,BM98B_B1,-1.59493697411636,2004,2004,biosolids,biosolids,14,2018,0
BM98B_A3,BM98B_B2,-0.815780759337484,2004,2004,biosolids,biosolids,14,2018,0
BM98B_A3,BM98B_C1,-2.29853855171416,2004,2004,biosolids,biosolids,14,2018,1
BM98B_B1,BM98B_A1,-0.838347854466698,2004,2004,biosolids,biosolids,14,2018,0
BM98B_B1,BM98B_A2,-1.99408495515084,2004,2004,biosolids,biosolids,14,2018,0
BM98B_B1,BM98B_A3,-1.59493697411636,2004,2004,biosolids,biosolids,14,2018,0
BM98B_B1,BM98B_B2,-1.40681026834017,2004,2004,biosolids,biosolids,14,2018,0
BM98B_B1,BM98B_C1,-1.71083813232252,2004,2004,biosolids,biosolids,14,2018,0
BM98B_B2,BM98B_A1,-0.289968468997192,2004,2004,biosolids,biosolids,14,2018,0
BM98B_B2,BM98B_A2,-1.40251565940527,2004,2004,biosolids,biosolids,14,2018,0
BM98B_B2,BM98B_A3,-0.815780759337484,2004,2004,biosolids,biosolids,14,2018,0
BM98B_B2,BM98B_B1,-1.40681026834017,2004,2004,biosolids,biosolids,14,2018,0
BM98B_B2,BM98B_C1,-2.05425671389951,2004,2004,biosolids,biosolids,14,2018,1
BM98B_C1,BM98B_A1,-2.16729712342286,2004,2004,biosolids,biosolids,14,2018,1
BM98B_C1,BM98B_A2,-1.24084023798689,2004,2004,biosolids,biosolids,14,2018,0
BM98B_C1,BM98B_A3,-2.29853855171416,2004,2004,biosolids,biosolids,14,2018,1
BM98B_C1,BM98B_B1,-1.71083813232252,2004,2004,biosolids,biosolids,14,2018,0
BM98B_C1,BM98B_B2,-2.05425671389951,2004,2004,biosolids,biosolids,14,2018,1
BMJ11A_A3,BMJ11A_B1,0.113120091900018,2012,2012,biosolids,biosolids,6,2018,0
BMJ11A_A3,BMJ11A_B2,3.9937821392084,2012,2012,biosolids,biosolids,6,2018,1
BMJ11A_A3,BMJ11A_C1,-0.334482787728139,2012,2012,biosolids,biosolids,6,2018,0
BMJ11A_A3,BMJ11A_C2,2.48524715724016,2012,2012,biosolids,biosolids,6,2018,1
BMJ11A_A3,BMJ11A_C3,1.44530826424322,2012,2012,biosolids,biosolids,6,2018,0
BMJ11A_B1,BMJ11A_A3,0.113120091900018,2012,2012,biosolids,biosolids,6,2018,0
BMJ11A_B1,BMJ11A_B2,1.2718375418465,2012,2012,biosolids,biosolids,6,2018,0
BMJ11A_B1,BMJ11A_C1,-1.70820925661054,2012,2012,biosolids,biosolids,6,2018,0
BMJ11A_B1,BMJ11A_C2,-0.994794618543162,2012,2012,biosolids,biosolids,6,2018,0
BMJ11A_B1,BMJ11A_C3,-1.9067804085032,2012,2012,biosolids,biosolids,6,2018,0
BMJ11A_B2,BMJ11A_A3,3.9937821392084,2012,2012,biosolids,biosolids,6,2018,1
BMJ11A_B2,BMJ11A_B1,1.2718375418465,2012,2012,biosolids,biosolids,6,2018,0
BMJ11A_B2,BMJ11A_C1,1.1570808360154,2012,2012,biosolids,biosolids,6,2018,0
BMJ11A_B2,BMJ11A_C2,-1.68951826810944,2012,2012,biosolids,biosolids,6,2018,0
BMJ11A_B2,BMJ11A_C3,1.96335258872204,2012,2012,biosolids,biosolids,6,2018,0
BMJ11A_C1,BMJ11A_A3,-0.334482787728139,2012,2012,biosolids,biosolids,6,2018,0
BMJ11A_C1,BMJ11A_B1,-1.70820925661054,2012,2012,biosolids,biosolids,6,2018,0
BMJ11A_C1,BMJ11A_B2,1.1570808360154,2012,2012,biosolids,biosolids,6,2018,0
BMJ11A_C1,BMJ11A_C2,-1.11625133032603,2012,2012,biosolids,biosolids,6,2018,0
BMJ11A_C1,BMJ11A_C3,-2.09044316669664,2012,2012,biosolids,biosolids,6,2018,1
BMJ11A_C2,BMJ11A_A3,2.48524715724016,2012,2012,biosolids,biosolids,6,2018,1
BMJ11A_C2,BMJ11A_B1,-0.994794618543162,2012,2012,biosolids,biosolids,6,2018,0
BMJ11A_C2,BMJ11A_B2,-1.68951826810944,2012,2012,biosolids,biosolids,6,2018,0
BMJ11A_C2,BMJ11A_C1,-1.11625133032603,2012,2012,biosolids,biosolids,6,2018,0
BMJ11A_C2,BMJ11A_C3,-0.341897773113682,2012,2012,biosolids,biosolids,6,2018,0
BMJ11A_C3,BMJ11A_A3,1.44530826424322,2012,2012,biosolids,biosolids,6,2018,0
BMJ11A_C3,BMJ11A_B1,-1.9067804085032,2012,2012,biosolids,biosolids,6,2018,0
BMJ11A_C3,BMJ11A_B2,1.96335258872204,2012,2012,biosolids,biosolids,6,2018,0
BMJ11A_C3,BMJ11A_C1,-2.09044316669664,2012,2012,biosolids,biosolids,6,2018,1
BMJ11A_C3,BMJ11A_C2,-0.341897773113682,2012,2012,biosolids,biosolids,6,2018,0
BN92A_A1,BN92A_A2,-1.11680349641658,1992,1992,no_biosolids,no_biosolids,26,2018,0
BN92A_A1,BN92A_A3,-1.44356647511964,1992,1992,no_biosolids,no_biosolids,26,2018,0
BN92A_A1,BN92A_B1,-0.274480052420804,1992,1992,no_biosolids,no_biosolids,26,2018,0
BN92A_A1,BN92A_B2,-0.551908508247747,1992,1992,no_biosolids,no_biosolids,26,2018,0
BN92A_A1,BN92A_B3,-0.695178290703746,1992,1992,no_biosolids,no_biosolids,26,2018,0
BN92A_A1,BN92A_C1,0.352973192532938,1992,1992,no_biosolids,no_biosolids,26,2018,0
BN92A_A1,BN92A_C2,-0.819278904946456,1992,1992,no_biosolids,no_biosolids,26,2018,0
BN92A_A1,BN92A_C3,-0.147379837457566,1992,1992,no_biosolids,no_biosolids,26,2018,0
BN92A_A2,BN92A_A1,-1.11680349641658,1992,1992,no_biosolids,no_biosolids,26,2018,0
BN92A_A2,BN92A_A3,-1.14046763086034,1992,1992,no_biosolids,no_biosolids,26,2018,0
BN92A_A2,BN92A_B1,-2.76118064540995,1992,1992,no_biosolids,no_biosolids,26,2018,1
BN92A_A2,BN92A_B2,-1.6610348266279,1992,1992,no_biosolids,no_biosolids,26,2018,0
BN92A_A2,BN92A_B3,-1.62690925768513,1992,1992,no_biosolids,no_biosolids,26,2018,0
BN92A_A2,BN92A_C1,-0.84134358252941,1992,1992,no_biosolids,no_biosolids,26,2018,0
BN92A_A2,BN92A_C2,-2.52567830425964,1992,1992,no_biosolids,no_biosolids,26,2018,1
BN92A_A2,BN92A_C3,-0.879783212197322,1992,1992,no_biosolids,no_biosolids,26,2018,0
BN92A_A3,BN92A_A1,-1.44356647511964,1992,1992,no_biosolids,no_biosolids,26,2018,0
BN92A_A3,BN92A_A2,-1.14046763086034,1992,1992,no_biosolids,no_biosolids,26,2018,0
BN92A_A3,BN92A_B1,-0.997069347966364,1992,1992,no_biosolids,no_biosolids,26,2018,0
BN92A_A3,BN92A_B2,-1.58777330113341,1992,1992,no_biosolids,no_biosolids,26,2018,0
BN92A_A3,BN92A_B3,-1.54211466027884,1992,1992,no_biosolids,no_biosolids,26,2018,0
BN92A_A3,BN92A_C1,1.52484536746783,1992,1992,no_biosolids,no_biosolids,26,2018,0
BN92A_A3,BN92A_C2,-1.35055093259673,1992,1992,no_biosolids,no_biosolids,26,2018,0
BN92A_A3,BN92A_C3,-0.00520324661514804,1992,1992,no_biosolids,no_biosolids,26,2018,0
BN92A_B1,BN92A_A1,-0.274480052420804,1992,1992,no_biosolids,no_biosolids,26,2018,0
BN92A_B1,BN92A_A2,-2.76118064540995,1992,1992,no_biosolids,no_biosolids,26,2018,1
BN92A_B1,BN92A_A3,-0.997069347966364,1992,1992,no_biosolids,no_biosolids,26,2018,0
BN92A_B1,BN92A_B2,-2.4174834449386,1992,1992,no_biosolids,no_biosolids,26,2018,1
BN92A_B1,BN92A_B3,-2.37315259161576,1992,1992,no_biosolids,no_biosolids,26,2018,1
BN92A_B1,BN92A_C1,-1.1417533974895,1992,1992,no_biosolids,no_biosolids,26,2018,0
BN92A_B1,BN92A_C2,-2.20073242612666,1992,1992,no_biosolids,no_biosolids,26,2018,1
BN92A_B1,BN92A_C3,-1.5943517505853,1992,1992,no_biosolids,no_biosolids,26,2018,0
BN92A_B2,BN92A_A1,-0.551908508247747,1992,1992,no_biosolids,no_biosolids,26,2018,0
BN92A_B2,BN92A_A2,-1.6610348266279,1992,1992,no_biosolids,no_biosolids,26,2018,0
BN92A_B2,BN92A_A3,-1.58777330113341,1992,1992,no_biosolids,no_biosolids,26,2018,0
BN92A_B2,BN92A_B1,-2.4174834449386,1992,1992,no_biosolids,no_biosolids,26,2018,1
BN92A_B2,BN92A_B3,-1.13756235589054,1992,1992,no_biosolids,no_biosolids,26,2018,0
BN92A_B2,BN92A_C1,-0.711955084976428,1992,1992,no_biosolids,no_biosolids,26,2018,0
BN92A_B2,BN92A_C2,-1.3835144035601,1992,1992,no_biosolids,no_biosolids,26,2018,0
BN92A_B2,BN92A_C3,-1.49216690353275,1992,1992,no_biosolids,no_biosolids,26,2018,0
BN92A_B3,BN92A_A1,-0.695178290703746,1992,1992,no_biosolids,no_biosolids,26,2018,0
BN92A_B3,BN92A_A2,-1.62690925768513,1992,1992,no_biosolids,no_biosolids,26,2018,0
BN92A_B3,BN92A_A3,-1.54211466027884,1992,1992,no_biosolids,no_biosolids,26,2018,0
BN92A_B3,BN92A_B1,-2.37315259161576,1992,1992,no_biosolids,no_biosolids,26,2018,1
BN92A_B3,BN92A_B2,-1.13756235589054,1992,1992,no_biosolids,no_biosolids,26,2018,0
BN92A_B3,BN92A_C1,-0.412132493391048,1992,1992,no_biosolids,no_biosolids,26,2018,0
BN92A_B3,BN92A_C2,-1.61453779515348,1992,1992,no_biosolids,no_biosolids,26,2018,0
BN92A_B3,BN92A_C3,-1.1329020476445,1992,1992,no_biosolids,no_biosolids,26,2018,0
BN92A_C1,BN92A_A1,0.352973192532938,1992,1992,no_biosolids,no_biosolids,26,2018,0
BN92A_C1,BN92A_A2,-0.84134358252941,1992,1992,no_biosolids,no_biosolids,26,2018,0
BN92A_C1,BN92A_A3,1.52484536746783,1992,1992,no_biosolids,no_biosolids,26,2018,0
BN92A_C1,BN92A_B1,-1.1417533974895,1992,1992,no_biosolids,no_biosolids,26,2018,0
BN92A_C1,BN92A_B2,-0.711955084976428,1992,1992,no_biosolids,no_biosolids,26,2018,0
BN92A_C1,BN92A_B3,-0.412132493391048,1992,1992,no_biosolids,no_biosolids,26,2018,0
BN92A_C1,BN92A_C2,-0.935530877618968,1992,1992,no_biosolids,no_biosolids,26,2018,0
BN92A_C1,BN92A_C3,-0.0507633246959842,1992,1992,no_biosolids,no_biosolids,26,2018,0
BN92A_C2,BN92A_A1,-0.819278904946456,1992,1992,no_biosolids,no_biosolids,26,2018,0
BN92A_C2,BN92A_A2,-2.52567830425964,1992,1992,no_biosolids,no_biosolids,26,2018,1
BN92A_C2,BN92A_A3,-1.35055093259673,1992,1992,no_biosolids,no_biosolids,26,2018,0
BN92A_C2,BN92A_B1,-2.20073242612666,1992,1992,no_biosolids,no_biosolids,26,2018,1
BN92A_C2,BN92A_B2,-1.3835144035601,1992,1992,no_biosolids,no_biosolids,26,2018,0
BN92A_C2,BN92A_B3,-1.61453779515348,1992,1992,no_biosolids,no_biosolids,26,2018,0
BN92A_C2,BN92A_C1,-0.935530877618968,1992,1992,no_biosolids,no_biosolids,26,2018,0
BN92A_C2,BN92A_C3,-0.767511386618608,1992,1992,no_biosolids,no_biosolids,26,2018,0
BN92A_C3,BN92A_A1,-0.147379837457566,1992,1992,no_biosolids,no_biosolids,26,2018,0
BN92A_C3,BN92A_A2,-0.879783212197322,1992,1992,no_biosolids,no_biosolids,26,2018,0
BN92A_C3,BN92A_A3,-0.00520324661514804,1992,1992,no_biosolids,no_biosolids,26,2018,0
BN92A_C3,BN92A_B1,-1.5943517505853,1992,1992,no_biosolids,no_biosolids,26,2018,0
BN92A_C3,BN92A_B2,-1.49216690353275,1992,1992,no_biosolids,no_biosolids,26,2018,0
BN92A_C3,BN92A_B3,-1.1329020476445,1992,1992,no_biosolids,no_biosolids,26,2018,0
BN92A_C3,BN92A_C1,-0.0507633246959842,1992,1992,no_biosolids,no_biosolids,26,2018,0
BN92A_C3,BN92A_C2,-0.767511386618608,1992,1992,no_biosolids,no_biosolids,26,2018,0
BN99A1_A1,BN99A1_A2,-1.79740545922692,1999,1999,biosolids,biosolids,19,2018,0
BN99A1_A1,BN99A1_A3,-1.99648991027489,1999,1999,biosolids,biosolids,19,2018,0
BN99A1_A1,BN99A1_B1,-0.490711842771137,1999,1999,biosolids,biosolids,19,2018,0
BN99A1_A1,BN99A1_B2,-2.0498767226348,1999,1999,biosolids,biosolids,19,2018,1
BN99A1_A1,BN99A1_B3,-1.27560046519993,1999,1999,biosolids,biosolids,19,2018,0
BN99A1_A1,BN99A1_C1,-1.40370679076921,1999,1999,biosolids,biosolids,19,2018,0
BN99A1_A1,BN99A1_C2,-0.895898888938939,1999,1999,biosolids,biosolids,19,2018,0
BN99A1_A1,BN99A1_C3,-1.94568012233568,1999,1999,biosolids,biosolids,19,2018,0
BN99A1_A1,BN99B_A1,-1.89252769222449,1999,1999,biosolids,biosolids,19,2018,0
BN99A1_A1,BN99B_A2,-1.18616931818149,1999,1999,biosolids,biosolids,19,2018,0
BN99A1_A1,BN99B_A3,-0.682159876881583,1999,1999,biosolids,biosolids,19,2018,0
BN99A1_A1,BN99B_B1,-1.65745426454438,1999,1999,biosolids,biosolids,19,2018,0
BN99A1_A1,BN99B_B2,-1.61268001692071,1999,1999,biosolids,biosolids,19,2018,0
BN99A1_A1,BN99B_B3,-1.36372675041415,1999,1999,biosolids,biosolids,19,2018,0
BN99A1_A1,BN99B_C1,-1.2783909076956,1999,1999,biosolids,biosolids,19,2018,0
BN99A1_A1,BN99B_C2,-0.610244335906536,1999,1999,biosolids,biosolids,19,2018,0
BN99A1_A1,BN99B_C3,-1.08898749583075,1999,1999,biosolids,biosolids,19,2018,0
BN99A1_A2,BN99A1_A1,-1.79740545922692,1999,1999,biosolids,biosolids,19,2018,0
BN99A1_A2,BN99A1_A3,-1.85078982296242,1999,1999,biosolids,biosolids,19,2018,0
BN99A1_A2,BN99A1_B1,-0.00228749085312889,1999,1999,biosolids,biosolids,19,2018,0
BN99A1_A2,BN99A1_B2,-1.59931913586684,1999,1999,biosolids,biosolids,19,2018,0
BN99A1_A2,BN99A1_B3,-2.44111839684392,1999,1999,biosolids,biosolids,19,2018,1
BN99A1_A2,BN99A1_C1,-0.643768698919483,1999,1999,biosolids,biosolids,19,2018,0
BN99A1_A2,BN99A1_C2,-0.202145645765907,1999,1999,biosolids,biosolids,19,2018,0
BN99A1_A2,BN99A1_C3,-1.84262628755659,1999,1999,biosolids,biosolids,19,2018,0
BN99A1_A2,BN99B_A1,-1.02261428267383,1999,1999,biosolids,biosolids,19,2018,0
BN99A1_A2,BN99B_A2,-0.445553437051076,1999,1999,biosolids,biosolids,19,2018,0
BN99A1_A2,BN99B_A3,-1.99844755024138,1999,1999,biosolids,biosolids,19,2018,0
BN99A1_A2,BN99B_B1,-0.692583676512817,1999,1999,biosolids,biosolids,19,2018,0
BN99A1_A2,BN99B_B2,-0.843022221147513,1999,1999,biosolids,biosolids,19,2018,0
BN99A1_A2,BN99B_B3,-1.10349295979208,1999,1999,biosolids,biosolids,19,2018,0
BN99A1_A2,BN99B_C1,-0.811149524927372,1999,1999,biosolids,biosolids,19,2018,0
BN99A1_A2,BN99B_C2,-0.981218509486892,1999,1999,biosolids,biosolids,19,2018,0
BN99A1_A2,BN99B_C3,-0.841328614028478,1999,1999,biosolids,biosolids,19,2018,0
BN99A1_A3,BN99A1_A1,-1.99648991027489,1999,1999,biosolids,biosolids,19,2018,0
BN99A1_A3,BN99A1_A2,-1.85078982296242,1999,1999,biosolids,biosolids,19,2018,0
BN99A1_A3,BN99A1_B1,0.306269340398167,1999,1999,biosolids,biosolids,19,2018,0
BN99A1_A3,BN99A1_B2,-2.14692719078816,1999,1999,biosolids,biosolids,19,2018,1
BN99A1_A3,BN99A1_B3,-1.34210781494421,1999,1999,biosolids,biosolids,19,2018,0
BN99A1_A3,BN99A1_C1,-0.692374460664605,1999,1999,biosolids,biosolids,19,2018,0
BN99A1_A3,BN99A1_C2,-0.537478357424694,1999,1999,biosolids,biosolids,19,2018,0
BN99A1_A3,BN99A1_C3,-1.77456483957432,1999,1999,biosolids,biosolids,19,2018,0
BN99A1_A3,BN99B_A1,-1.96637943487041,1999,1999,biosolids,biosolids,19,2018,0
BN99A1_A3,BN99B_A2,-1.53681687588426,1999,1999,biosolids,biosolids,19,2018,0
BN99A1_A3,BN99B_A3,-1.95757262002374,1999,1999,biosolids,biosolids,19,2018,0
BN99A1_A3,BN99B_B1,-1.10193893165812,1999,1999,biosolids,biosolids,19,2018,0
BN99A1_A3,BN99B_B2,-1.98591505762683,1999,1999,biosolids,biosolids,19,2018,0
BN99A1_A3,BN99B_B3,-1.1343199013566,1999,1999,biosolids,biosolids,19,2018,0
BN99A1_A3,BN99B_C1,-0.94208158552632,1999,1999,biosolids,biosolids,19,2018,0
BN99A1_A3,BN99B_C2,-1.2448302632511,1999,1999,biosolids,biosolids,19,2018,0
BN99A1_A3,BN99B_C3,-0.440293003933,1999,1999,biosolids,biosolids,19,2018,0
BN99A1_B1,BN99A1_A1,-0.490711842771137,1999,1999,biosolids,biosolids,19,2018,0
BN99A1_B1,BN99A1_A2,-0.00228749085312889,1999,1999,biosolids,biosolids,19,2018,0
BN99A1_B1,BN99A1_A3,0.306269340398167,1999,1999,biosolids,biosolids,19,2018,0
BN99A1_B1,BN99A1_B2,0.905969812366309,1999,1999,biosolids,biosolids,19,2018,0
BN99A1_B1,BN99A1_B3,-0.861611683678364,1999,1999,biosolids,biosolids,19,2018,0
BN99A1_B1,BN99A1_C1,-1.86094921171348,1999,1999,biosolids,biosolids,19,2018,0
BN99A1_B1,BN99A1_C2,-1.99667053047727,1999,1999,biosolids,biosolids,19,2018,0
BN99A1_B1,BN99A1_C3,0.0439909956229325,1999,1999,biosolids,biosolids,19,2018,0
BN99A1_B1,BN99B_A1,0.052502134462076,1999,1999,biosolids,biosolids,19,2018,0
BN99A1_B1,BN99B_A2,3.78812566952763,1999,1999,biosolids,biosolids,19,2018,1
BN99A1_B1,BN99B_A3,1.77499036330739,1999,1999,biosolids,biosolids,19,2018,0
BN99A1_B1,BN99B_B1,1.31441897866835,1999,1999,biosolids,biosolids,19,2018,0
BN99A1_B1,BN99B_B2,1.48144261123864,1999,1999,biosolids,biosolids,19,2018,0
BN99A1_B1,BN99B_B3,0.999923563965289,1999,1999,biosolids,biosolids,19,2018,0
BN99A1_B1,BN99B_C1,1.18546697575559,1999,1999,biosolids,biosolids,19,2018,0
BN99A1_B1,BN99B_C2,0.582167055270462,1999,1999,biosolids,biosolids,19,2018,0
BN99A1_B1,BN99B_C3,1.15931709046586,1999,1999,biosolids,biosolids,19,2018,0
BN99A1_B2,BN99A1_A1,-2.0498767226348,1999,1999,biosolids,biosolids,19,2018,1
BN99A1_B2,BN99A1_A2,-1.59931913586684,1999,1999,biosolids,biosolids,19,2018,0
BN99A1_B2,BN99A1_A3,-2.14692719078816,1999,1999,biosolids,biosolids,19,2018,1
BN99A1_B2,BN99A1_B1,0.905969812366309,1999,1999,biosolids,biosolids,19,2018,0
BN99A1_B2,BN99A1_B3,-1.82623501830582,1999,1999,biosolids,biosolids,19,2018,0
BN99A1_B2,BN99A1_C1,-0.989029412288738,1999,1999,biosolids,biosolids,19,2018,0
BN99A1_B2,BN99A1_C2,0.445370765903559,1999,1999,biosolids,biosolids,19,2018,0
BN99A1_B2,BN99A1_C3,-2.32019699422291,1999,1999,biosolids,biosolids,19,2018,1
BN99A1_B2,BN99B_A1,-2.09814469674482,1999,1999,biosolids,biosolids,19,2018,1
BN99A1_B2,BN99B_A2,-1.98922714409904,1999,1999,biosolids,biosolids,19,2018,0
BN99A1_B2,BN99B_A3,-1.66843816238789,1999,1999,biosolids,biosolids,19,2018,0
BN99A1_B2,BN99B_B1,-1.66001112009131,1999,1999,biosolids,biosolids,19,2018,0
BN99A1_B2,BN99B_B2,-1.8815164069481,1999,1999,biosolids,biosolids,19,2018,0
BN99A1_B2,BN99B_B3,-1.60161921514531,1999,1999,biosolids,biosolids,19,2018,0
BN99A1_B2,BN99B_C1,-1.04831359036429,1999,1999,biosolids,biosolids,19,2018,0
BN99A1_B2,BN99B_C2,-1.45142958521616,1999,1999,biosolids,biosolids,19,2018,0
BN99A1_B2,BN99B_C3,-1.11159266027312,1999,1999,biosolids,biosolids,19,2018,0
BN99A1_B3,BN99A1_A1,-1.27560046519993,1999,1999,biosolids,biosolids,19,2018,0
BN99A1_B3,BN99A1_A2,-2.44111839684392,1999,1999,biosolids,biosolids,19,2018,1
BN99A1_B3,BN99A1_A3,-1.34210781494421,1999,1999,biosolids,biosolids,19,2018,0
BN99A1_B3,BN99A1_B1,-0.861611683678364,1999,1999,biosolids,biosolids,19,2018,0
BN99A1_B3,BN99A1_B2,-1.82623501830582,1999,1999,biosolids,biosolids,19,2018,0
BN99A1_B3,BN99A1_C1,-2.05132751930943,1999,1999,biosolids,biosolids,19,2018,1
BN99A1_B3,BN99A1_C2,-1.25804193296235,1999,1999,biosolids,biosolids,19,2018,0
BN99A1_B3,BN99A1_C3,-2.62382825279812,1999,1999,biosolids,biosolids,19,2018,1
BN99A1_B3,BN99B_A1,-1.11767459113641,1999,1999,biosolids,biosolids,19,2018,0
BN99A1_B3,BN99B_A2,-0.203944307067147,1999,1999,biosolids,biosolids,19,2018,0
BN99A1_B3,BN99B_A3,-1.16328840308924,1999,1999,biosolids,biosolids,19,2018,0
BN99A1_B3,BN99B_B1,-1.25385357947837,1999,1999,biosolids,biosolids,19,2018,0
BN99A1_B3,BN99B_B2,-1.13466841125963,1999,1999,biosolids,biosolids,19,2018,0
BN99A1_B3,BN99B_B3,-2.03647920291038,1999,1999,biosolids,biosolids,19,2018,1
BN99A1_B3,BN99B_C1,-1.266083091257,1999,1999,biosolids,biosolids,19,2018,0
BN99A1_B3,BN99B_C2,-1.56912002938494,1999,1999,biosolids,biosolids,19,2018,0
BN99A1_B3,BN99B_C3,-1.4970580153621,1999,1999,biosolids,biosolids,19,2018,0
BN99A1_C1,BN99A1_A1,-1.40370679076921,1999,1999,biosolids,biosolids,19,2018,0
BN99A1_C1,BN99A1_A2,-0.643768698919483,1999,1999,biosolids,biosolids,19,2018,0
BN99A1_C1,BN99A1_A3,-0.692374460664605,1999,1999,biosolids,biosolids,19,2018,0
BN99A1_C1,BN99A1_B1,-1.86094921171348,1999,1999,biosolids,biosolids,19,2018,0
BN99A1_C1,BN99A1_B2,-0.989029412288738,1999,1999,biosolids,biosolids,19,2018,0
BN99A1_C1,BN99A1_B3,-2.05132751930943,1999,1999,biosolids,biosolids,19,2018,1
BN99A1_C1,BN99A1_C2,-2.80752547694582,1999,1999,biosolids,biosolids,19,2018,1
BN99A1_C1,BN99A1_C3,-0.881116505951839,1999,1999,biosolids,biosolids,19,2018,0
BN99A1_C1,BN99B_A1,-0.426011484904325,1999,1999,biosolids,biosolids,19,2018,0
BN99A1_C1,BN99B_A2,1.05130802000886,1999,1999,biosolids,biosolids,19,2018,0
BN99A1_C1,BN99B_A3,-1.43578287357709,1999,1999,biosolids,biosolids,19,2018,0
BN99A1_C1,BN99B_B1,-0.310094915477018,1999,1999,biosolids,biosolids,19,2018,0
BN99A1_C1,BN99B_B2,0.389730297542566,1999,1999,biosolids,biosolids,19,2018,0
BN99A1_C1,BN99B_B3,-0.0131951279113709,1999,1999,biosolids,biosolids,19,2018,0
BN99A1_C1,BN99B_C1,-0.333395601400131,1999,1999,biosolids,biosolids,19,2018,0
BN99A1_C1,BN99B_C2,-1.75882152611287,1999,1999,biosolids,biosolids,19,2018,0
BN99A1_C1,BN99B_C3,-1.19213241884157,1999,1999,biosolids,biosolids,19,2018,0
BN99A1_C2,BN99A1_A1,-0.895898888938939,1999,1999,biosolids,biosolids,19,2018,0
BN99A1_C2,BN99A1_A2,-0.202145645765907,1999,1999,biosolids,biosolids,19,2018,0
BN99A1_C2,BN99A1_A3,-0.537478357424694,1999,1999,biosolids,biosolids,19,2018,0
BN99A1_C2,BN99A1_B1,-1.99667053047727,1999,1999,biosolids,biosolids,19,2018,0
BN99A1_C2,BN99A1_B2,0.445370765903559,1999,1999,biosolids,biosolids,19,2018,0
BN99A1_C2,BN99A1_B3,-1.25804193296235,1999,1999,biosolids,biosolids,19,2018,0
BN99A1_C2,BN99A1_C1,-2.80752547694582,1999,1999,biosolids,biosolids,19,2018,1
BN99A1_C2,BN99A1_C3,-0.396559325758821,1999,1999,biosolids,biosolids,19,2018,0
BN99A1_C2,BN99B_A1,-0.368731875473017,1999,1999,biosolids,biosolids,19,2018,0
BN99A1_C2,BN99B_A2,3.63156555300867,1999,1999,biosolids,biosolids,19,2018,1
BN99A1_C2,BN99B_A3,2.33054658983015,1999,1999,biosolids,biosolids,19,2018,1
BN99A1_C2,BN99B_B1,0.899356598958065,1999,1999,biosolids,biosolids,19,2018,0
BN99A1_C2,BN99B_B2,1.68505590665696,1999,1999,biosolids,biosolids,19,2018,0
BN99A1_C2,BN99B_B3,0.532718052064016,1999,1999,biosolids,biosolids,19,2018,0
BN99A1_C2,BN99B_C1,0.598293113108001,1999,1999,biosolids,biosolids,19,2018,0
BN99A1_C2,BN99B_C2,0.778229904502924,1999,1999,biosolids,biosolids,19,2018,0
BN99A1_C2,BN99B_C3,0.532513983182692,1999,1999,biosolids,biosolids,19,2018,0
BN99A1_C3,BN99A1_A1,-1.94568012233568,1999,1999,biosolids,biosolids,19,2018,0
BN99A1_C3,BN99A1_A2,-1.84262628755659,1999,1999,biosolids,biosolids,19,2018,0
BN99A1_C3,BN99A1_A3,-1.77456483957432,1999,1999,biosolids,biosolids,19,2018,0
BN99A1_C3,BN99A1_B1,0.0439909956229325,1999,1999,biosolids,biosolids,19,2018,0
BN99A1_C3,BN99A1_B2,-2.32019699422291,1999,1999,biosolids,biosolids,19,2018,1
BN99A1_C3,BN99A1_B3,-2.62382825279812,1999,1999,biosolids,biosolids,19,2018,1
BN99A1_C3,BN99A1_C1,-0.881116505951839,1999,1999,biosolids,biosolids,19,2018,0
BN99A1_C3,BN99A1_C2,-0.396559325758821,1999,1999,biosolids,biosolids,19,2018,0
BN99A1_C3,BN99B_A1,-2.09380625160818,1999,1999,biosolids,biosolids,19,2018,1
BN99A1_C3,BN99B_A2,-1.31382552375688,1999,1999,biosolids,biosolids,19,2018,0
BN99A1_C3,BN99B_A3,-1.61070715033885,1999,1999,biosolids,biosolids,19,2018,0
BN99A1_C3,BN99B_B1,-1.10188435056964,1999,1999,biosolids,biosolids,19,2018,0
BN99A1_C3,BN99B_B2,-1.49365426608216,1999,1999,biosolids,biosolids,19,2018,0
BN99A1_C3,BN99B_B3,-1.56900415285594,1999,1999,biosolids,biosolids,19,2018,0
BN99A1_C3,BN99B_C1,-1.14081367649534,1999,1999,biosolids,biosolids,19,2018,0
BN99A1_C3,BN99B_C2,-1.66321545154231,1999,1999,biosolids,biosolids,19,2018,0
BN99A1_C3,BN99B_C3,-0.994624193344747,1999,1999,biosolids,biosolids,19,2018,0
BN99B_A1,BN99A1_A1,-1.89252769222449,1999,1999,biosolids,biosolids,19,2018,0
BN99B_A1,BN99A1_A2,-1.02261428267383,1999,1999,biosolids,biosolids,19,2018,0
BN99B_A1,BN99A1_A3,-1.96637943487041,1999,1999,biosolids,biosolids,19,2018,0
BN99B_A1,BN99A1_B1,0.052502134462076,1999,1999,biosolids,biosolids,19,2018,0
BN99B_A1,BN99A1_B2,-2.09814469674482,1999,1999,biosolids,biosolids,19,2018,1
BN99B_A1,BN99A1_B3,-1.11767459113641,1999,1999,biosolids,biosolids,19,2018,0
BN99B_A1,BN99A1_C1,-0.426011484904325,1999,1999,biosolids,biosolids,19,2018,0
BN99B_A1,BN99A1_C2,-0.368731875473017,1999,1999,biosolids,biosolids,19,2018,0
BN99B_A1,BN99A1_C3,-2.09380625160818,1999,1999,biosolids,biosolids,19,2018,1
BN99B_A1,BN99B_A2,-1.10388205854851,1999,1999,biosolids,biosolids,19,2018,0
BN99B_A1,BN99B_A3,-1.28652681284743,1999,1999,biosolids,biosolids,19,2018,0
BN99B_A1,BN99B_B1,-1.9301104824628,1999,1999,biosolids,biosolids,19,2018,0
BN99B_A1,BN99B_B2,-1.87336438351264,1999,1999,biosolids,biosolids,19,2018,0
BN99B_A1,BN99B_B3,-1.73194594635847,1999,1999,biosolids,biosolids,19,2018,0
BN99B_A1,BN99B_C1,-1.47879201086541,1999,1999,biosolids,biosolids,19,2018,0
BN99B_A1,BN99B_C2,-0.959580504587183,1999,1999,biosolids,biosolids,19,2018,0
BN99B_A1,BN99B_C3,-0.959806710890796,1999,1999,biosolids,biosolids,19,2018,0
BN99B_A2,BN99A1_A1,-1.18616931818149,1999,1999,biosolids,biosolids,19,2018,0
BN99B_A2,BN99A1_A2,-0.445553437051076,1999,1999,biosolids,biosolids,19,2018,0
BN99B_A2,BN99A1_A3,-1.53681687588426,1999,1999,biosolids,biosolids,19,2018,0
BN99B_A2,BN99A1_B1,3.78812566952763,1999,1999,biosolids,biosolids,19,2018,1
BN99B_A2,BN99A1_B2,-1.98922714409904,1999,1999,biosolids,biosolids,19,2018,0
BN99B_A2,BN99A1_B3,-0.203944307067147,1999,1999,biosolids,biosolids,19,2018,0
BN99B_A2,BN99A1_C1,1.05130802000886,1999,1999,biosolids,biosolids,19,2018,0
BN99B_A2,BN99A1_C2,3.63156555300867,1999,1999,biosolids,biosolids,19,2018,1
BN99B_A2,BN99A1_C3,-1.31382552375688,1999,1999,biosolids,biosolids,19,2018,0
BN99B_A2,BN99B_A1,-1.10388205854851,1999,1999,biosolids,biosolids,19,2018,0
BN99B_A2,BN99B_A3,-1.29121563193117,1999,1999,biosolids,biosolids,19,2018,0
BN99B_A2,BN99B_B1,-1.23415251012374,1999,1999,biosolids,biosolids,19,2018,0
BN99B_A2,BN99B_B2,-1.49611796645511,1999,1999,biosolids,biosolids,19,2018,0
BN99B_A2,BN99B_B3,-1.25668822837012,1999,1999,biosolids,biosolids,19,2018,0
BN99B_A2,BN99B_C1,-1.33900216337773,1999,1999,biosolids,biosolids,19,2018,0
BN99B_A2,BN99B_C2,-0.834707104350669,1999,1999,biosolids,biosolids,19,2018,0
BN99B_A2,BN99B_C3,-1.03691142283321,1999,1999,biosolids,biosolids,19,2018,0
BN99B_A3,BN99A1_A1,-0.682159876881583,1999,1999,biosolids,biosolids,19,2018,0
BN99B_A3,BN99A1_A2,-1.99844755024138,1999,1999,biosolids,biosolids,19,2018,0
BN99B_A3,BN99A1_A3,-1.95757262002374,1999,1999,biosolids,biosolids,19,2018,0
BN99B_A3,BN99A1_B1,1.77499036330739,1999,1999,biosolids,biosolids,19,2018,0
BN99B_A3,BN99A1_B2,-1.66843816238789,1999,1999,biosolids,biosolids,19,2018,0
BN99B_A3,BN99A1_B3,-1.16328840308924,1999,1999,biosolids,biosolids,19,2018,0
BN99B_A3,BN99A1_C1,-1.43578287357709,1999,1999,biosolids,biosolids,19,2018,0
BN99B_A3,BN99A1_C2,2.33054658983015,1999,1999,biosolids,biosolids,19,2018,1
BN99B_A3,BN99A1_C3,-1.61070715033885,1999,1999,biosolids,biosolids,19,2018,0
BN99B_A3,BN99B_A1,-1.28652681284743,1999,1999,biosolids,biosolids,19,2018,0
BN99B_A3,BN99B_A2,-1.29121563193117,1999,1999,biosolids,biosolids,19,2018,0
BN99B_A3,BN99B_B1,-1.70445336739377,1999,1999,biosolids,biosolids,19,2018,0
BN99B_A3,BN99B_B2,-1.50875655005442,1999,1999,biosolids,biosolids,19,2018,0
BN99B_A3,BN99B_B3,-1.89546119363239,1999,1999,biosolids,biosolids,19,2018,0
BN99B_A3,BN99B_C1,-2.03357779110757,1999,1999,biosolids,biosolids,19,2018,1
BN99B_A3,BN99B_C2,-1.88391806735972,1999,1999,biosolids,biosolids,19,2018,0
BN99B_A3,BN99B_C3,-1.95174952667174,1999,1999,biosolids,biosolids,19,2018,0
BN99B_B1,BN99A1_A1,-1.65745426454438,1999,1999,biosolids,biosolids,19,2018,0
BN99B_B1,BN99A1_A2,-0.692583676512817,1999,1999,biosolids,biosolids,19,2018,0
BN99B_B1,BN99A1_A3,-1.10193893165812,1999,1999,biosolids,biosolids,19,2018,0
BN99B_B1,BN99A1_B1,1.31441897866835,1999,1999,biosolids,biosolids,19,2018,0
BN99B_B1,BN99A1_B2,-1.66001112009131,1999,1999,biosolids,biosolids,19,2018,0
BN99B_B1,BN99A1_B3,-1.25385357947837,1999,1999,biosolids,biosolids,19,2018,0
BN99B_B1,BN99A1_C1,-0.310094915477018,1999,1999,biosolids,biosolids,19,2018,0
BN99B_B1,BN99A1_C2,0.899356598958065,1999,1999,biosolids,biosolids,19,2018,0
BN99B_B1,BN99A1_C3,-1.10188435056964,1999,1999,biosolids,biosolids,19,2018,0
BN99B_B1,BN99B_A1,-1.9301104824628,1999,1999,biosolids,biosolids,19,2018,0
BN99B_B1,BN99B_A2,-1.23415251012374,1999,1999,biosolids,biosolids,19,2018,0
BN99B_B1,BN99B_A3,-1.70445336739377,1999,1999,biosolids,biosolids,19,2018,0
BN99B_B1,BN99B_B2,-1.96006191980233,1999,1999,biosolids,biosolids,19,2018,0
BN99B_B1,BN99B_B3,-0.908864727711106,1999,1999,biosolids,biosolids,19,2018,0
BN99B_B1,BN99B_C1,-0.800438663634394,1999,1999,biosolids,biosolids,19,2018,0
BN99B_B1,BN99B_C2,-1.82972322301932,1999,1999,biosolids,biosolids,19,2018,0
BN99B_B1,BN99B_C3,-1.68071795659134,1999,1999,biosolids,biosolids,19,2018,0
BN99B_B2,BN99A1_A1,-1.61268001692071,1999,1999,biosolids,biosolids,19,2018,0
BN99B_B2,BN99A1_A2,-0.843022221147513,1999,1999,biosolids,biosolids,19,2018,0
BN99B_B2,BN99A1_A3,-1.98591505762683,1999,1999,biosolids,biosolids,19,2018,0
BN99B_B2,BN99A1_B1,1.48144261123864,1999,1999,biosolids,biosolids,19,2018,0
BN99B_B2,BN99A1_B2,-1.8815164069481,1999,1999,biosolids,biosolids,19,2018,0
BN99B_B2,BN99A1_B3,-1.13466841125963,1999,1999,biosolids,biosolids,19,2018,0
BN99B_B2,BN99A1_C1,0.389730297542566,1999,1999,biosolids,biosolids,19,2018,0
BN99B_B2,BN99A1_C2,1.68505590665696,1999,1999,biosolids,biosolids,19,2018,0
BN99B_B2,BN99A1_C3,-1.49365426608216,1999,1999,biosolids,biosolids,19,2018,0
BN99B_B2,BN99B_A1,-1.87336438351264,1999,1999,biosolids,biosolids,19,2018,0
BN99B_B2,BN99B_A2,-1.49611796645511,1999,1999,biosolids,biosolids,19,2018,0
BN99B_B2,BN99B_A3,-1.50875655005442,1999,1999,biosolids,biosolids,19,2018,0
BN99B_B2,BN99B_B1,-1.96006191980233,1999,1999,biosolids,biosolids,19,2018,0
BN99B_B2,BN99B_B3,-1.78334844567591,1999,1999,biosolids,biosolids,19,2018,0
BN99B_B2,BN99B_C1,-2.31270164545854,1999,1999,biosolids,biosolids,19,2018,1
BN99B_B2,BN99B_C2,-1.65498763185081,1999,1999,biosolids,biosolids,19,2018,0
BN99B_B2,BN99B_C3,-1.44398076751779,1999,1999,biosolids,biosolids,19,2018,0
BN99B_B3,BN99A1_A1,-1.36372675041415,1999,1999,biosolids,biosolids,19,2018,0
BN99B_B3,BN99A1_A2,-1.10349295979208,1999,1999,biosolids,biosolids,19,2018,0
BN99B_B3,BN99A1_A3,-1.1343199013566,1999,1999,biosolids,biosolids,19,2018,0
BN99B_B3,BN99A1_B1,0.999923563965289,1999,1999,biosolids,biosolids,19,2018,0
BN99B_B3,BN99A1_B2,-1.60161921514531,1999,1999,biosolids,biosolids,19,2018,0
BN99B_B3,BN99A1_B3,-2.03647920291038,1999,1999,biosolids,biosolids,19,2018,1
BN99B_B3,BN99A1_C1,-0.0131951279113709,1999,1999,biosolids,biosolids,19,2018,0
BN99B_B3,BN99A1_C2,0.532718052064016,1999,1999,biosolids,biosolids,19,2018,0
BN99B_B3,BN99A1_C3,-1.56900415285594,1999,1999,biosolids,biosolids,19,2018,0
BN99B_B3,BN99B_A1,-1.73194594635847,1999,1999,biosolids,biosolids,19,2018,0
BN99B_B3,BN99B_A2,-1.25668822837012,1999,1999,biosolids,biosolids,19,2018,0
BN99B_B3,BN99B_A3,-1.89546119363239,1999,1999,biosolids,biosolids,19,2018,0
BN99B_B3,BN99B_B1,-0.908864727711106,1999,1999,biosolids,biosolids,19,2018,0
BN99B_B3,BN99B_B2,-1.78334844567591,1999,1999,biosolids,biosolids,19,2018,0
BN99B_B3,BN99B_C1,-1.23510800101406,1999,1999,biosolids,biosolids,19,2018,0
BN99B_B3,BN99B_C2,-2.02492705480948,1999,1999,biosolids,biosolids,19,2018,1
BN99B_B3,BN99B_C3,-1.0290776852838,1999,1999,biosolids,biosolids,19,2018,0
BN99B_C1,BN99A1_A1,-1.2783909076956,1999,1999,biosolids,biosolids,19,2018,0
BN99B_C1,BN99A1_A2,-0.811149524927372,1999,1999,biosolids,biosolids,19,2018,0
BN99B_C1,BN99A1_A3,-0.94208158552632,1999,1999,biosolids,biosolids,19,2018,0
BN99B_C1,BN99A1_B1,1.18546697575559,1999,1999,biosolids,biosolids,19,2018,0
BN99B_C1,BN99A1_B2,-1.04831359036429,1999,1999,biosolids,biosolids,19,2018,0
BN99B_C1,BN99A1_B3,-1.266083091257,1999,1999,biosolids,biosolids,19,2018,0
BN99B_C1,BN99A1_C1,-0.333395601400131,1999,1999,biosolids,biosolids,19,2018,0
BN99B_C1,BN99A1_C2,0.598293113108001,1999,1999,biosolids,biosolids,19,2018,0
BN99B_C1,BN99A1_C3,-1.14081367649534,1999,1999,biosolids,biosolids,19,2018,0
BN99B_C1,BN99B_A1,-1.47879201086541,1999,1999,biosolids,biosolids,19,2018,0
BN99B_C1,BN99B_A2,-1.33900216337773,1999,1999,biosolids,biosolids,19,2018,0
BN99B_C1,BN99B_A3,-2.03357779110757,1999,1999,biosolids,biosolids,19,2018,1
BN99B_C1,BN99B_B1,-0.800438663634394,1999,1999,biosolids,biosolids,19,2018,0
BN99B_C1,BN99B_B2,-2.31270164545854,1999,1999,biosolids,biosolids,19,2018,1
BN99B_C1,BN99B_B3,-1.23510800101406,1999,1999,biosolids,biosolids,19,2018,0
BN99B_C1,BN99B_C2,-1.15073685820328,1999,1999,biosolids,biosolids,19,2018,0
BN99B_C1,BN99B_C3,-1.05133315760124,1999,1999,biosolids,biosolids,19,2018,0
BN99B_C2,BN99A1_A1,-0.610244335906536,1999,1999,biosolids,biosolids,19,2018,0
BN99B_C2,BN99A1_A2,-0.981218509486892,1999,1999,biosolids,biosolids,19,2018,0
BN99B_C2,BN99A1_A3,-1.2448302632511,1999,1999,biosolids,biosolids,19,2018,0
BN99B_C2,BN99A1_B1,0.582167055270462,1999,1999,biosolids,biosolids,19,2018,0
BN99B_C2,BN99A1_B2,-1.45142958521616,1999,1999,biosolids,biosolids,19,2018,0
BN99B_C2,BN99A1_B3,-1.56912002938494,1999,1999,biosolids,biosolids,19,2018,0
BN99B_C2,BN99A1_C1,-1.75882152611287,1999,1999,biosolids,biosolids,19,2018,0
BN99B_C2,BN99A1_C2,0.778229904502924,1999,1999,biosolids,biosolids,19,2018,0
BN99B_C2,BN99A1_C3,-1.66321545154231,1999,1999,biosolids,biosolids,19,2018,0
BN99B_C2,BN99B_A1,-0.959580504587183,1999,1999,biosolids,biosolids,19,2018,0
BN99B_C2,BN99B_A2,-0.834707104350669,1999,1999,biosolids,biosolids,19,2018,0
BN99B_C2,BN99B_A3,-1.88391806735972,1999,1999,biosolids,biosolids,19,2018,0
BN99B_C2,BN99B_B1,-1.82972322301932,1999,1999,biosolids,biosolids,19,2018,0
BN99B_C2,BN99B_B2,-1.65498763185081,1999,1999,biosolids,biosolids,19,2018,0
BN99B_C2,BN99B_B3,-2.02492705480948,1999,1999,biosolids,biosolids,19,2018,1
BN99B_C2,BN99B_C1,-1.15073685820328,1999,1999,biosolids,biosolids,19,2018,0
BN99B_C2,BN99B_C3,-1.64267425575857,1999,1999,biosolids,biosolids,19,2018,0
BN99B_C3,BN99A1_A1,-1.08898749583075,1999,1999,biosolids,biosolids,19,2018,0
BN99B_C3,BN99A1_A2,-0.841328614028478,1999,1999,biosolids,biosolids,19,2018,0
BN99B_C3,BN99A1_A3,-0.440293003933,1999,1999,biosolids,biosolids,19,2018,0
BN99B_C3,BN99A1_B1,1.15931709046586,1999,1999,biosolids,biosolids,19,2018,0
BN99B_C3,BN99A1_B2,-1.11159266027312,1999,1999,biosolids,biosolids,19,2018,0
BN99B_C3,BN99A1_B3,-1.4970580153621,1999,1999,biosolids,biosolids,19,2018,0
BN99B_C3,BN99A1_C1,-1.19213241884157,1999,1999,biosolids,biosolids,19,2018,0
BN99B_C3,BN99A1_C2,0.532513983182692,1999,1999,biosolids,biosolids,19,2018,0
BN99B_C3,BN99A1_C3,-0.994624193344747,1999,1999,biosolids,biosolids,19,2018,0
BN99B_C3,BN99B_A1,-0.959806710890796,1999,1999,biosolids,biosolids,19,2018,0
BN99B_C3,BN99B_A2,-1.03691142283321,1999,1999,biosolids,biosolids,19,2018,0
BN99B_C3,BN99B_A3,-1.95174952667174,1999,1999,biosolids,biosolids,19,2018,0
BN99B_C3,BN99B_B1,-1.68071795659134,1999,1999,biosolids,biosolids,19,2018,0
BN99B_C3,BN99B_B2,-1.44398076751779,1999,1999,biosolids,biosolids,19,2018,0
BN99B_C3,BN99B_B3,-1.0290776852838,1999,1999,biosolids,biosolids,19,2018,0
BN99B_C3,BN99B_C1,-1.05133315760124,1999,1999,biosolids,biosolids,19,2018,0
BN99B_C3,BN99B_C2,-1.64267425575857,1999,1999,biosolids,biosolids,19,2018,0
BND95E_C3,BND95E_A1,-0.835827030493236,1999,1999,no_biosolids,no_biosolids,19,2018,0
BND95E_C3,BND95E_A2,-1.78127910334381,1999,1999,no_biosolids,no_biosolids,19,2018,0
BND95E_C3,BND95E_A3,-1.34027047135912,1999,1999,no_biosolids,no_biosolids,19,2018,0
BND95E_C3,BND95E_B1,-1.86940087868407,1999,1999,no_biosolids,no_biosolids,19,2018,0
BND95E_C3,BND95E_B2,-1.9341404894996,1999,1999,no_biosolids,no_biosolids,19,2018,0
BND95E_C3,BND95E_B3,-1.06297300951283,1999,1999,no_biosolids,no_biosolids,19,2018,0
BND95E_C3,BND95E_C1,-1.19279684475878,1999,1999,no_biosolids,no_biosolids,19,2018,0
BND95E_C3,BND95E_C2,-1.15062341622393,1999,1999,no_biosolids,no_biosolids,19,2018,0
BND95E_A1,BND95E_C3,-0.835827030493236,1999,1999,no_biosolids,no_biosolids,19,2018,0
BND95E_A1,BND95E_A2,-1.73356368902036,1999,1999,no_biosolids,no_biosolids,19,2018,0
BND95E_A1,BND95E_A3,-0.720251382147397,1999,1999,no_biosolids,no_biosolids,19,2018,0
BND95E_A1,BND95E_B1,-1.57177068268288,1999,1999,no_biosolids,no_biosolids,19,2018,0
BND95E_A1,BND95E_B2,-2.07249069163725,1999,1999,no_biosolids,no_biosolids,19,2018,1
BND95E_A1,BND95E_B3,-1.55008698571335,1999,1999,no_biosolids,no_biosolids,19,2018,0
BND95E_A1,BND95E_C1,-2.0850953533086,1999,1999,no_biosolids,no_biosolids,19,2018,1
BND95E_A1,BND95E_C2,-2.06253125400766,1999,1999,no_biosolids,no_biosolids,19,2018,1
BND95E_A2,BND95E_C3,-1.78127910334381,1999,1999,no_biosolids,no_biosolids,19,2018,0
BND95E_A2,BND95E_A1,-1.73356368902036,1999,1999,no_biosolids,no_biosolids,19,2018,0
BND95E_A2,BND95E_A3,-2.00110991330407,1999,1999,no_biosolids,no_biosolids,19,2018,1
BND95E_A2,BND95E_B1,-1.01425585085771,1999,1999,no_biosolids,no_biosolids,19,2018,0
BND95E_A2,BND95E_B2,-0.639537734034334,1999,1999,no_biosolids,no_biosolids,19,2018,0
BND95E_A2,BND95E_B3,-0.465124397350426,1999,1999,no_biosolids,no_biosolids,19,2018,0
BND95E_A2,BND95E_C1,-0.731210272239852,1999,1999,no_biosolids,no_biosolids,19,2018,0
BND95E_A2,BND95E_C2,-1.37907339655249,1999,1999,no_biosolids,no_biosolids,19,2018,0
BND95E_A3,BND95E_C3,-1.34027047135912,1999,1999,no_biosolids,no_biosolids,19,2018,0
BND95E_A3,BND95E_A1,-0.720251382147397,1999,1999,no_biosolids,no_biosolids,19,2018,0
BND95E_A3,BND95E_A2,-2.00110991330407,1999,1999,no_biosolids,no_biosolids,19,2018,1
BND95E_A3,BND95E_B1,-1.80716044363863,1999,1999,no_biosolids,no_biosolids,19,2018,0
BND95E_A3,BND95E_B2,-0.989815280483456,1999,1999,no_biosolids,no_biosolids,19,2018,0
BND95E_A3,BND95E_B3,0.250232326473158,1999,1999,no_biosolids,no_biosolids,19,2018,0
BND95E_A3,BND95E_C1,-0.222495559857678,1999,1999,no_biosolids,no_biosolids,19,2018,0
BND95E_A3,BND95E_C2,-1.04392765023367,1999,1999,no_biosolids,no_biosolids,19,2018,0
BND95E_B1,BND95E_C3,-1.86940087868407,1999,1999,no_biosolids,no_biosolids,19,2018,0
BND95E_B1,BND95E_A1,-1.57177068268288,1999,1999,no_biosolids,no_biosolids,19,2018,0
BND95E_B1,BND95E_A2,-1.01425585085771,1999,1999,no_biosolids,no_biosolids,19,2018,0
BND95E_B1,BND95E_A3,-1.80716044363863,1999,1999,no_biosolids,no_biosolids,19,2018,0
BND95E_B1,BND95E_B2,-0.972302890259055,1999,1999,no_biosolids,no_biosolids,19,2018,0
BND95E_B1,BND95E_B3,-0.843932481992444,1999,1999,no_biosolids,no_biosolids,19,2018,0
BND95E_B1,BND95E_C1,-1.21717543296056,1999,1999,no_biosolids,no_biosolids,19,2018,0
BND95E_B1,BND95E_C2,-1.63255512727993,1999,1999,no_biosolids,no_biosolids,19,2018,0
BND95E_B2,BND95E_C3,-1.9341404894996,1999,1999,no_biosolids,no_biosolids,19,2018,0
BND95E_B2,BND95E_A1,-2.07249069163725,1999,1999,no_biosolids,no_biosolids,19,2018,1
BND95E_B2,BND95E_A2,-0.639537734034334,1999,1999,no_biosolids,no_biosolids,19,2018,0
BND95E_B2,BND95E_A3,-0.989815280483456,1999,1999,no_biosolids,no_biosolids,19,2018,0
BND95E_B2,BND95E_B1,-0.972302890259055,1999,1999,no_biosolids,no_biosolids,19,2018,0
BND95E_B2,BND95E_B3,-1.54893440082048,1999,1999,no_biosolids,no_biosolids,19,2018,0
BND95E_B2,BND95E_C1,-1.45754657962373,1999,1999,no_biosolids,no_biosolids,19,2018,0
BND95E_B2,BND95E_C2,-2.01859972313771,1999,1999,no_biosolids,no_biosolids,19,2018,1
BND95E_B3,BND95E_C3,-1.06297300951283,1999,1999,no_biosolids,no_biosolids,19,2018,0
BND95E_B3,BND95E_A1,-1.55008698571335,1999,1999,no_biosolids,no_biosolids,19,2018,0
BND95E_B3,BND95E_A2,-0.465124397350426,1999,1999,no_biosolids,no_biosolids,19,2018,0
BND95E_B3,BND95E_A3,0.250232326473158,1999,1999,no_biosolids,no_biosolids,19,2018,0
BND95E_B3,BND95E_B1,-0.843932481992444,1999,1999,no_biosolids,no_biosolids,19,2018,0
BND95E_B3,BND95E_B2,-1.54893440082048,1999,1999,no_biosolids,no_biosolids,19,2018,0
BND95E_B3,BND95E_C1,-2.79600412946446,1999,1999,no_biosolids,no_biosolids,19,2018,1
BND95E_B3,BND95E_C2,-0.422029554472731,1999,1999,no_biosolids,no_biosolids,19,2018,0
BND95E_C1,BND95E_C3,-1.19279684475878,1999,1999,no_biosolids,no_biosolids,19,2018,0
BND95E_C1,BND95E_A1,-2.0850953533086,1999,1999,no_biosolids,no_biosolids,19,2018,1
BND95E_C1,BND95E_A2,-0.731210272239852,1999,1999,no_biosolids,no_biosolids,19,2018,0
BND95E_C1,BND95E_A3,-0.222495559857678,1999,1999,no_biosolids,no_biosolids,19,2018,0
BND95E_C1,BND95E_B1,-1.21717543296056,1999,1999,no_biosolids,no_biosolids,19,2018,0
BND95E_C1,BND95E_B2,-1.45754657962373,1999,1999,no_biosolids,no_biosolids,19,2018,0
BND95E_C1,BND95E_B3,-2.79600412946446,1999,1999,no_biosolids,no_biosolids,19,2018,1
BND95E_C1,BND95E_C2,-1.31544703521193,1999,1999,no_biosolids,no_biosolids,19,2018,0
BND95E_C2,BND95E_C3,-1.15062341622393,1999,1999,no_biosolids,no_biosolids,19,2018,0
BND95E_C2,BND95E_A1,-2.06253125400766,1999,1999,no_biosolids,no_biosolids,19,2018,1
BND95E_C2,BND95E_A2,-1.37907339655249,1999,1999,no_biosolids,no_biosolids,19,2018,0
BND95E_C2,BND95E_A3,-1.04392765023367,1999,1999,no_biosolids,no_biosolids,19,2018,0
BND95E_C2,BND95E_B1,-1.63255512727993,1999,1999,no_biosolids,no_biosolids,19,2018,0
BND95E_C2,BND95E_B2,-2.01859972313771,1999,1999,no_biosolids,no_biosolids,19,2018,1
BND95E_C2,BND95E_B3,-0.422029554472731,1999,1999,no_biosolids,no_biosolids,19,2018,0
BND95E_C2,BND95E_C1,-1.31544703521193,1999,1999,no_biosolids,no_biosolids,19,2018,0
HUEJ14A_A3,HUEJ14A_C2,-2.35512537765867,2014,2014,biosolids,biosolids,4,2018,1
HUEJ14A_A3,HUEJ14B_A1,-1.16661474260042,2014,2014,biosolids,biosolids,4,2018,0
HUEJ14A_A3,HUEJ14B_A3,0.631277087543329,2014,2014,biosolids,biosolids,4,2018,0
HUEJ14A_A3,HUEJ14B_B3,1.10603436925837,2014,2014,biosolids,biosolids,4,2018,0
HUEJ14A_A3,HUEJ14B_C2,2.94123075727122,2014,2014,biosolids,biosolids,4,2018,1
HUEJ14A_A3,HUEJ14B_C3,-2.31496439154989,2014,2014,biosolids,biosolids,4,2018,1
HUEJ14A_A3,HVN1,1.48134943833033,2014,2014,biosolids,biosolids,3,2018,0
HUEJ14A_A3,HVN10,-2.29749270903788,2014,2014,biosolids,biosolids,3,2018,1
HUEJ14A_A3,HVN2,-0.803509162232963,2014,2014,biosolids,biosolids,3,2018,0
HUEJ14A_A3,HVN3,1.49189349461636,2014,2014,biosolids,biosolids,3,2018,0
HUEJ14A_A3,HVN4,0.459680528114847,2014,2014,biosolids,biosolids,3,2018,0
HUEJ14A_A3,HVN7,-1.37045895867086,2014,2014,biosolids,biosolids,3,2018,0
HUEJ14A_A3,HVN8,1.93403885619154,2014,2014,biosolids,biosolids,3,2018,0
HUEJ14A_C2,HUEJ14A_A3,-2.35512537765867,2014,2014,biosolids,biosolids,4,2018,1
HUEJ14A_C2,HUEJ14B_A1,-0.273788465781605,2014,2014,biosolids,biosolids,4,2018,0
HUEJ14A_C2,HUEJ14B_A3,1.24553614203575,2014,2014,biosolids,biosolids,4,2018,0
HUEJ14A_C2,HUEJ14B_B3,2.30396180912891,2014,2014,biosolids,biosolids,4,2018,1
HUEJ14A_C2,HUEJ14B_C2,2.71216261600737,2014,2014,biosolids,biosolids,4,2018,1
HUEJ14A_C2,HUEJ14B_C3,-2.14045020949241,2014,2014,biosolids,biosolids,4,2018,1
HUEJ14A_C2,HVN1,0.43824773984289,2014,2014,biosolids,biosolids,3,2018,0
HUEJ14A_C2,HVN10,-1.08930243905135,2014,2014,biosolids,biosolids,3,2018,0
HUEJ14A_C2,HVN2,-0.439176886825616,2014,2014,biosolids,biosolids,3,2018,0
HUEJ14A_C2,HVN3,2.08915516960746,2014,2014,biosolids,biosolids,3,2018,1
HUEJ14A_C2,HVN4,0.779038272907848,2014,2014,biosolids,biosolids,3,2018,0
HUEJ14A_C2,HVN7,-1.99066107348271,2014,2014,biosolids,biosolids,3,2018,0
HUEJ14A_C2,HVN8,0.253214640905064,2014,2014,biosolids,biosolids,3,2018,0
HUEJ14B_A1,HUEJ14A_A3,-1.16661474260042,2014,2014,biosolids,biosolids,4,2018,0
HUEJ14B_A1,HUEJ14A_C2,-0.273788465781605,2014,2014,biosolids,biosolids,4,2018,0
HUEJ14B_A1,HUEJ14B_A3,-1.10826202814939,2014,2014,biosolids,biosolids,4,2018,0
HUEJ14B_A1,HUEJ14B_B3,0.604779665605884,2014,2014,biosolids,biosolids,4,2018,0
HUEJ14B_A1,HUEJ14B_C2,-0.904043887725751,2014,2014,biosolids,biosolids,4,2018,0
HUEJ14B_A1,HUEJ14B_C3,0.751094368982016,2014,2014,biosolids,biosolids,4,2018,0
HUEJ14B_A1,HVN1,0.772347623679819,2014,2014,biosolids,biosolids,3,2018,0
HUEJ14B_A1,HVN10,-1.14782094157783,2014,2014,biosolids,biosolids,3,2018,0
HUEJ14B_A1,HVN2,0.0709334398817537,2014,2014,biosolids,biosolids,3,2018,0
HUEJ14B_A1,HVN3,-0.0887063739597455,2014,2014,biosolids,biosolids,3,2018,0
HUEJ14B_A1,HVN4,-1.27364321960434,2014,2014,biosolids,biosolids,3,2018,0
HUEJ14B_A1,HVN7,-1.1423301916053,2014,2014,biosolids,biosolids,3,2018,0
HUEJ14B_A1,HVN8,-0.309064511159261,2014,2014,biosolids,biosolids,3,2018,0
HUEJ14B_A3,HUEJ14A_A3,0.631277087543329,2014,2014,biosolids,biosolids,4,2018,0
HUEJ14B_A3,HUEJ14A_C2,1.24553614203575,2014,2014,biosolids,biosolids,4,2018,0
HUEJ14B_A3,HUEJ14B_A1,-1.10826202814939,2014,2014,biosolids,biosolids,4,2018,0
HUEJ14B_A3,HUEJ14B_B3,2.12472197303786,2014,2014,biosolids,biosolids,4,2018,1
HUEJ14B_A3,HUEJ14B_C2,-0.749937623974061,2014,2014,biosolids,biosolids,4,2018,0
HUEJ14B_A3,HUEJ14B_C3,1.92039789098343,2014,2014,biosolids,biosolids,4,2018,0
HUEJ14B_A3,HVN1,4.35561205320896,2014,2014,biosolids,biosolids,3,2018,1
HUEJ14B_A3,HVN10,0.466639194856748,2014,2014,biosolids,biosolids,3,2018,0
HUEJ14B_A3,HVN2,1.78019393439076,2014,2014,biosolids,biosolids,3,2018,0
HUEJ14B_A3,HVN3,0.550801355485347,2014,2014,biosolids,biosolids,3,2018,0
HUEJ14B_A3,HVN4,0.37070789141774,2014,2014,biosolids,biosolids,3,2018,0
HUEJ14B_A3,HVN7,0.62005138803328,2014,2014,biosolids,biosolids,3,2018,0
HUEJ14B_A3,HVN8,-0.56997473241388,2014,2014,biosolids,biosolids,3,2018,0
HUEJ14B_B3,HUEJ14A_A3,1.10603436925837,2014,2014,biosolids,biosolids,4,2018,0
HUEJ14B_B3,HUEJ14A_C2,2.30396180912891,2014,2014,biosolids,biosolids,4,2018,1
HUEJ14B_B3,HUEJ14B_A1,0.604779665605884,2014,2014,biosolids,biosolids,4,2018,0
HUEJ14B_B3,HUEJ14B_A3,2.12472197303786,2014,2014,biosolids,biosolids,4,2018,1
HUEJ14B_B3,HUEJ14B_C2,4.11427192884993,2014,2014,biosolids,biosolids,4,2018,1
HUEJ14B_B3,HUEJ14B_C3,1.98389597245602,2014,2014,biosolids,biosolids,4,2018,0
HUEJ14B_B3,HVN1,-0.527797630124096,2014,2014,biosolids,biosolids,3,2018,0
HUEJ14B_B3,HVN10,2.22799639007252,2014,2014,biosolids,biosolids,3,2018,1
HUEJ14B_B3,HVN2,3.18741370575243,2014,2014,biosolids,biosolids,3,2018,1
HUEJ14B_B3,HVN3,6.05276497662693,2014,2014,biosolids,biosolids,3,2018,1
HUEJ14B_B3,HVN4,1.56179128027848,2014,2014,biosolids,biosolids,3,2018,0
HUEJ14B_B3,HVN7,1.305693060328,2014,2014,biosolids,biosolids,3,2018,0
HUEJ14B_B3,HVN8,1.60085405423057,2014,2014,biosolids,biosolids,3,2018,0
HUEJ14B_C2,HUEJ14A_A3,2.94123075727122,2014,2014,biosolids,biosolids,4,2018,1
HUEJ14B_C2,HUEJ14A_C2,2.71216261600737,2014,2014,biosolids,biosolids,4,2018,1
HUEJ14B_C2,HUEJ14B_A1,-0.904043887725751,2014,2014,biosolids,biosolids,4,2018,0
HUEJ14B_C2,HUEJ14B_A3,-0.749937623974061,2014,2014,biosolids,biosolids,4,2018,0
HUEJ14B_C2,HUEJ14B_B3,4.11427192884993,2014,2014,biosolids,biosolids,4,2018,1
HUEJ14B_C2,HUEJ14B_C3,5.02249382941132,2014,2014,biosolids,biosolids,4,2018,1
HUEJ14B_C2,HVN1,4.61653121167413,2014,2014,biosolids,biosolids,3,2018,1
HUEJ14B_C2,HVN10,2.89409628370849,2014,2014,biosolids,biosolids,3,2018,1
HUEJ14B_C2,HVN2,4.59345274470885,2014,2014,biosolids,biosolids,3,2018,1
HUEJ14B_C2,HVN3,2.95121126664505,2014,2014,biosolids,biosolids,3,2018,1
HUEJ14B_C2,HVN4,1.4279166481861,2014,2014,biosolids,biosolids,3,2018,0
HUEJ14B_C2,HVN7,2.08068986776764,2014,2014,biosolids,biosolids,3,2018,1
HUEJ14B_C2,HVN8,0.477950855561831,2014,2014,biosolids,biosolids,3,2018,0
HUEJ14B_C3,HUEJ14A_A3,-2.31496439154989,2014,2014,biosolids,biosolids,4,2018,1
HUEJ14B_C3,HUEJ14A_C2,-2.14045020949241,2014,2014,biosolids,biosolids,4,2018,1
HUEJ14B_C3,HUEJ14B_A1,0.751094368982016,2014,2014,biosolids,biosolids,4,2018,0
HUEJ14B_C3,HUEJ14B_A3,1.92039789098343,2014,2014,biosolids,biosolids,4,2018,0
HUEJ14B_C3,HUEJ14B_B3,1.98389597245602,2014,2014,biosolids,biosolids,4,2018,0
HUEJ14B_C3,HUEJ14B_C2,5.02249382941132,2014,2014,biosolids,biosolids,4,2018,1
HUEJ14B_C3,HVN1,0.552497892978085,2014,2014,biosolids,biosolids,3,2018,0
HUEJ14B_C3,HVN10,-0.301681461435647,2014,2014,biosolids,biosolids,3,2018,0
HUEJ14B_C3,HVN2,-0.00906061407087365,2014,2014,biosolids,biosolids,3,2018,0
HUEJ14B_C3,HVN3,4.5681114128332,2014,2014,biosolids,biosolids,3,2018,1
HUEJ14B_C3,HVN4,2.87408634329961,2014,2014,biosolids,biosolids,3,2018,1
HUEJ14B_C3,HVN7,-1.26924453822276,2014,2014,biosolids,biosolids,3,2018,0
HUEJ14B_C3,HVN8,1.8932300729158,2014,2014,biosolids,biosolids,3,2018,0
HVN1,HUEJ14A_A3,1.48134943833033,2014,2014,biosolids,biosolids,4,2017,0
HVN1,HUEJ14A_C2,0.43824773984289,2014,2014,biosolids,biosolids,4,2017,0
HVN1,HUEJ14B_A1,0.772347623679819,2014,2014,biosolids,biosolids,4,2017,0
HVN1,HUEJ14B_A3,4.35561205320896,2014,2014,biosolids,biosolids,4,2017,1
HVN1,HUEJ14B_B3,-0.527797630124096,2014,2014,biosolids,biosolids,4,2017,0
HVN1,HUEJ14B_C2,4.61653121167413,2014,2014,biosolids,biosolids,4,2017,1
HVN1,HUEJ14B_C3,0.552497892978085,2014,2014,biosolids,biosolids,4,2017,0
HVN1,HVN10,2.1855988329234,2014,2014,biosolids,biosolids,3,2017,1
HVN1,HVN2,-0.21099520218534,2014,2014,biosolids,biosolids,3,2017,0
HVN1,HVN3,2.31763485549914,2014,2014,biosolids,biosolids,3,2017,1
HVN1,HVN4,0.0421001911076249,2014,2014,biosolids,biosolids,3,2017,0
HVN1,HVN7,1.49101531748246,2014,2014,biosolids,biosolids,3,2017,0
HVN1,HVN8,1.02018588155724,2014,2014,biosolids,biosolids,3,2017,0
HVN10,HUEJ14A_A3,-2.29749270903788,2014,2014,biosolids,biosolids,4,2017,1
HVN10,HUEJ14A_C2,-1.08930243905135,2014,2014,biosolids,biosolids,4,2017,0
HVN10,HUEJ14B_A1,-1.14782094157783,2014,2014,biosolids,biosolids,4,2017,0
HVN10,HUEJ14B_A3,0.466639194856748,2014,2014,biosolids,biosolids,4,2017,0
HVN10,HUEJ14B_B3,2.22799639007252,2014,2014,biosolids,biosolids,4,2017,1
HVN10,HUEJ14B_C2,2.89409628370849,2014,2014,biosolids,biosolids,4,2017,1
HVN10,HUEJ14B_C3,-0.301681461435647,2014,2014,biosolids,biosolids,4,2017,0
HVN10,HVN1,2.1855988329234,2014,2014,biosolids,biosolids,3,2017,1
HVN10,HVN2,-1.2697436506183,2014,2014,biosolids,biosolids,3,2017,0
HVN10,HVN3,-0.592671435954785,2014,2014,biosolids,biosolids,3,2017,0
HVN10,HVN4,-0.678843951530657,2014,2014,biosolids,biosolids,3,2017,0
HVN10,HVN7,-0.987001744902133,2014,2014,biosolids,biosolids,3,2017,0
HVN10,HVN8,1.4236381947639,2014,2014,biosolids,biosolids,3,2017,0
HVN2,HUEJ14A_A3,-0.803509162232963,2014,2014,biosolids,biosolids,4,2017,0
HVN2,HUEJ14A_C2,-0.439176886825616,2014,2014,biosolids,biosolids,4,2017,0
HVN2,HUEJ14B_A1,0.0709334398817537,2014,2014,biosolids,biosolids,4,2017,0
HVN2,HUEJ14B_A3,1.78019393439076,2014,2014,biosolids,biosolids,4,2017,0
HVN2,HUEJ14B_B3,3.18741370575243,2014,2014,biosolids,biosolids,4,2017,1
HVN2,HUEJ14B_C2,4.59345274470885,2014,2014,biosolids,biosolids,4,2017,1
HVN2,HUEJ14B_C3,-0.00906061407087365,2014,2014,biosolids,biosolids,4,2017,0
HVN2,HVN1,-0.21099520218534,2014,2014,biosolids,biosolids,3,2017,0
HVN2,HVN10,-1.2697436506183,2014,2014,biosolids,biosolids,3,2017,0
HVN2,HVN3,-0.478280675569264,2014,2014,biosolids,biosolids,3,2017,0
HVN2,HVN4,-1.22560370889214,2014,2014,biosolids,biosolids,3,2017,0
HVN2,HVN7,0.143211049951414,2014,2014,biosolids,biosolids,3,2017,0
HVN2,HVN8,1.09773909442847,2014,2014,biosolids,biosolids,3,2017,0
HVN3,HUEJ14A_A3,1.49189349461636,2014,2014,biosolids,biosolids,4,2017,0
HVN3,HUEJ14A_C2,2.08915516960746,2014,2014,biosolids,biosolids,4,2017,1
HVN3,HUEJ14B_A1,-0.0887063739597455,2014,2014,biosolids,biosolids,4,2017,0
HVN3,HUEJ14B_A3,0.550801355485347,2014,2014,biosolids,biosolids,4,2017,0
HVN3,HUEJ14B_B3,6.05276497662693,2014,2014,biosolids,biosolids,4,2017,1
HVN3,HUEJ14B_C2,2.95121126664505,2014,2014,biosolids,biosolids,4,2017,1
HVN3,HUEJ14B_C3,4.5681114128332,2014,2014,biosolids,biosolids,4,2017,1
HVN3,HVN1,2.31763485549914,2014,2014,biosolids,biosolids,3,2017,1
HVN3,HVN10,-0.592671435954785,2014,2014,biosolids,biosolids,3,2017,0
HVN3,HVN2,-0.478280675569264,2014,2014,biosolids,biosolids,3,2017,0
HVN3,HVN4,-0.47029444945891,2014,2014,biosolids,biosolids,3,2017,0
HVN3,HVN7,1.92660921538279,2014,2014,biosolids,biosolids,3,2017,0
HVN3,HVN8,0.753394313834474,2014,2014,biosolids,biosolids,3,2017,0
HVN4,HUEJ14A_A3,0.459680528114847,2014,2014,biosolids,biosolids,4,2017,0
HVN4,HUEJ14A_C2,0.779038272907848,2014,2014,biosolids,biosolids,4,2017,0
HVN4,HUEJ14B_A1,-1.27364321960434,2014,2014,biosolids,biosolids,4,2017,0
HVN4,HUEJ14B_A3,0.37070789141774,2014,2014,biosolids,biosolids,4,2017,0
HVN4,HUEJ14B_B3,1.56179128027848,2014,2014,biosolids,biosolids,4,2017,0
HVN4,HUEJ14B_C2,1.4279166481861,2014,2014,biosolids,biosolids,4,2017,0
HVN4,HUEJ14B_C3,2.87408634329961,2014,2014,biosolids,biosolids,4,2017,1
HVN4,HVN1,0.0421001911076249,2014,2014,biosolids,biosolids,3,2017,0
HVN4,HVN10,-0.678843951530657,2014,2014,biosolids,biosolids,3,2017,0
HVN4,HVN2,-1.22560370889214,2014,2014,biosolids,biosolids,3,2017,0
HVN4,HVN3,-0.47029444945891,2014,2014,biosolids,biosolids,3,2017,0
HVN4,HVN7,2.04976717262557,2014,2014,biosolids,biosolids,3,2017,1
HVN4,HVN8,1.06330338382629,2014,2014,biosolids,biosolids,3,2017,0
HVN7,HUEJ14A_A3,-1.37045895867086,2014,2014,biosolids,biosolids,4,2017,0
HVN7,HUEJ14A_C2,-1.99066107348271,2014,2014,biosolids,biosolids,4,2017,0
HVN7,HUEJ14B_A1,-1.1423301916053,2014,2014,biosolids,biosolids,4,2017,0
HVN7,HUEJ14B_A3,0.62005138803328,2014,2014,biosolids,biosolids,4,2017,0
HVN7,HUEJ14B_B3,1.305693060328,2014,2014,biosolids,biosolids,4,2017,0
HVN7,HUEJ14B_C2,2.08068986776764,2014,2014,biosolids,biosolids,4,2017,1
HVN7,HUEJ14B_C3,-1.26924453822276,2014,2014,biosolids,biosolids,4,2017,0
HVN7,HVN1,1.49101531748246,2014,2014,biosolids,biosolids,3,2017,0
HVN7,HVN10,-0.987001744902133,2014,2014,biosolids,biosolids,3,2017,0
HVN7,HVN2,0.143211049951414,2014,2014,biosolids,biosolids,3,2017,0
HVN7,HVN3,1.92660921538279,2014,2014,biosolids,biosolids,3,2017,0
HVN7,HVN4,2.04976717262557,2014,2014,biosolids,biosolids,3,2017,1
HVN7,HVN8,0.740238596927303,2014,2014,biosolids,biosolids,3,2017,0
HVN8,HUEJ14A_A3,1.93403885619154,2014,2014,biosolids,biosolids,4,2017,0
HVN8,HUEJ14A_C2,0.253214640905064,2014,2014,biosolids,biosolids,4,2017,0
HVN8,HUEJ14B_A1,-0.309064511159261,2014,2014,biosolids,biosolids,4,2017,0
HVN8,HUEJ14B_A3,-0.56997473241388,2014,2014,biosolids,biosolids,4,2017,0
HVN8,HUEJ14B_B3,1.60085405423057,2014,2014,biosolids,biosolids,4,2017,0
HVN8,HUEJ14B_C2,0.477950855561831,2014,2014,biosolids,biosolids,4,2017,0
HVN8,HUEJ14B_C3,1.8932300729158,2014,2014,biosolids,biosolids,4,2017,0
HVN8,HVN1,1.02018588155724,2014,2014,biosolids,biosolids,3,2017,0
HVN8,HVN10,1.4236381947639,2014,2014,biosolids,biosolids,3,2017,0
HVN8,HVN2,1.09773909442847,2014,2014,biosolids,biosolids,3,2017,0
HVN8,HVN3,0.753394313834474,2014,2014,biosolids,biosolids,3,2017,0
HVN8,HVN4,1.06330338382629,2014,2014,biosolids,biosolids,3,2017,0
HVN8,HVN7,0.740238596927303,2014,2014,biosolids,biosolids,3,2017,0
HVO1,HVO10,0.677721719701295,2000,2000,no_biosolids,no_biosolids,17,2017,0
HVO1,HVO2,-0.714079674381157,2000,2000,no_biosolids,no_biosolids,17,2017,0
HVO1,HVO3,-2.48963474948768,2000,2000,no_biosolids,no_biosolids,17,2017,1
HVO1,HVO4,-2.04753349809315,2000,2000,no_biosolids,no_biosolids,17,2017,1
HVO1,HVO5,1.05105663827283,2000,2000,no_biosolids,no_biosolids,17,2017,0
HVO1,HVO6,-0.273601113595447,2000,2000,no_biosolids,no_biosolids,17,2017,0
HVO1,HVO7,-0.267861777163243,2000,2000,no_biosolids,no_biosolids,17,2017,0
HVO1,HVO8,-2.42143286740156,2000,2000,no_biosolids,no_biosolids,17,2017,1
HVO1,HVO9,-0.242813891087245,2000,2000,no_biosolids,no_biosolids,17,2017,0
HVO10,HVO1,0.677721719701295,2000,2000,no_biosolids,no_biosolids,17,2017,0
HVO10,HVO2,-0.563049047118352,2000,2000,no_biosolids,no_biosolids,17,2017,0
HVO10,HVO3,-0.383325775087896,2000,2000,no_biosolids,no_biosolids,17,2017,0
HVO10,HVO4,-2.26247885085296,2000,2000,no_biosolids,no_biosolids,17,2017,1
HVO10,HVO5,-2.14034288264516,2000,2000,no_biosolids,no_biosolids,17,2017,1
HVO10,HVO6,0.363501513177771,2000,2000,no_biosolids,no_biosolids,17,2017,0
HVO10,HVO7,0.212661471984415,2000,2000,no_biosolids,no_biosolids,17,2017,0
HVO10,HVO8,-0.541739244913503,2000,2000,no_biosolids,no_biosolids,17,2017,0
HVO10,HVO9,-0.298906548021361,2000,2000,no_biosolids,no_biosolids,17,2017,0
HVO2,HVO1,-0.714079674381157,2000,2000,no_biosolids,no_biosolids,17,2017,0
HVO2,HVO10,-0.563049047118352,2000,2000,no_biosolids,no_biosolids,17,2017,0
HVO2,HVO3,-1.08658135474376,2000,2000,no_biosolids,no_biosolids,17,2017,0
HVO2,HVO4,-2.21601701301785,2000,2000,no_biosolids,no_biosolids,17,2017,1
HVO2,HVO5,-1.34411583159137,2000,2000,no_biosolids,no_biosolids,17,2017,0
HVO2,HVO6,-0.9113557195542,2000,2000,no_biosolids,no_biosolids,17,2017,0
HVO2,HVO7,-1.02229458461681,2000,2000,no_biosolids,no_biosolids,17,2017,0
HVO2,HVO8,-1.0987128317256,2000,2000,no_biosolids,no_biosolids,17,2017,0
HVO2,HVO9,0.33726903829823,2000,2000,no_biosolids,no_biosolids,17,2017,0
HVO3,HVO1,-2.48963474948768,2000,2000,no_biosolids,no_biosolids,17,2017,1
HVO3,HVO10,-0.383325775087896,2000,2000,no_biosolids,no_biosolids,17,2017,0
HVO3,HVO2,-1.08658135474376,2000,2000,no_biosolids,no_biosolids,17,2017,0
HVO3,HVO4,-1.16723819790737,2000,2000,no_biosolids,no_biosolids,17,2017,0
HVO3,HVO5,0.370407826067449,2000,2000,no_biosolids,no_biosolids,17,2017,0
HVO3,HVO6,-1.08342622049042,2000,2000,no_biosolids,no_biosolids,17,2017,0
HVO3,HVO7,-0.237189108265989,2000,2000,no_biosolids,no_biosolids,17,2017,0
HVO3,HVO8,-2.67089587896645,2000,2000,no_biosolids,no_biosolids,17,2017,1
HVO3,HVO9,-1.13920262243644,2000,2000,no_biosolids,no_biosolids,17,2017,0
HVO4,HVO1,-2.04753349809315,2000,2000,no_biosolids,no_biosolids,17,2017,1
HVO4,HVO10,-2.26247885085296,2000,2000,no_biosolids,no_biosolids,17,2017,1
HVO4,HVO2,-2.21601701301785,2000,2000,no_biosolids,no_biosolids,17,2017,1
HVO4,HVO3,-1.16723819790737,2000,2000,no_biosolids,no_biosolids,17,2017,0
HVO4,HVO5,-2.84205303742729,2000,2000,no_biosolids,no_biosolids,17,2017,1
HVO4,HVO6,-1.66033106871064,2000,2000,no_biosolids,no_biosolids,17,2017,0
HVO4,HVO7,-1.19195963263381,2000,2000,no_biosolids,no_biosolids,17,2017,0
HVO4,HVO8,-1.45121543834078,2000,2000,no_biosolids,no_biosolids,17,2017,0
HVO4,HVO9,-1.62275412014997,2000,2000,no_biosolids,no_biosolids,17,2017,0
HVO5,HVO1,1.05105663827283,2000,2000,no_biosolids,no_biosolids,17,2017,0
HVO5,HVO10,-2.14034288264516,2000,2000,no_biosolids,no_biosolids,17,2017,1
HVO5,HVO2,-1.34411583159137,2000,2000,no_biosolids,no_biosolids,17,2017,0
HVO5,HVO3,0.370407826067449,2000,2000,no_biosolids,no_biosolids,17,2017,0
HVO5,HVO4,-2.84205303742729,2000,2000,no_biosolids,no_biosolids,17,2017,1
HVO5,HVO6,0.516211305009293,2000,2000,no_biosolids,no_biosolids,17,2017,0
HVO5,HVO7,-0.327185703485309,2000,2000,no_biosolids,no_biosolids,17,2017,0
HVO5,HVO8,0.113125540779312,2000,2000,no_biosolids,no_biosolids,17,2017,0
HVO5,HVO9,0.0312037437280747,2000,2000,no_biosolids,no_biosolids,17,2017,0
HVO6,HVO1,-0.273601113595447,2000,2000,no_biosolids,no_biosolids,17,2017,0
HVO6,HVO10,0.363501513177771,2000,2000,no_biosolids,no_biosolids,17,2017,0
HVO6,HVO2,-0.9113557195542,2000,2000,no_biosolids,no_biosolids,17,2017,0
HVO6,HVO3,-1.08342622049042,2000,2000,no_biosolids,no_biosolids,17,2017,0
HVO6,HVO4,-1.66033106871064,2000,2000,no_biosolids,no_biosolids,17,2017,0
HVO6,HVO5,0.516211305009293,2000,2000,no_biosolids,no_biosolids,17,2017,0
HVO6,HVO7,-0.354566121000034,2000,2000,no_biosolids,no_biosolids,17,2017,0
HVO6,HVO8,-1.00893070443898,2000,2000,no_biosolids,no_biosolids,17,2017,0
HVO6,HVO9,0.982476023120253,2000,2000,no_biosolids,no_biosolids,17,2017,0
HVO7,HVO1,-0.267861777163243,2000,2000,no_biosolids,no_biosolids,17,2017,0
HVO7,HVO10,0.212661471984415,2000,2000,no_biosolids,no_biosolids,17,2017,0
HVO7,HVO2,-1.02229458461681,2000,2000,no_biosolids,no_biosolids,17,2017,0
HVO7,HVO3,-0.237189108265989,2000,2000,no_biosolids,no_biosolids,17,2017,0
HVO7,HVO4,-1.19195963263381,2000,2000,no_biosolids,no_biosolids,17,2017,0
HVO7,HVO5,-0.327185703485309,2000,2000,no_biosolids,no_biosolids,17,2017,0
HVO7,HVO6,-0.354566121000034,2000,2000,no_biosolids,no_biosolids,17,2017,0
HVO7,HVO8,-0.424394739780772,2000,2000,no_biosolids,no_biosolids,17,2017,0
HVO7,HVO9,1.10897014285259,2000,2000,no_biosolids,no_biosolids,17,2017,0
HVO8,HVO1,-2.42143286740156,2000,2000,no_biosolids,no_biosolids,17,2017,1
HVO8,HVO10,-0.541739244913503,2000,2000,no_biosolids,no_biosolids,17,2017,0
HVO8,HVO2,-1.0987128317256,2000,2000,no_biosolids,no_biosolids,17,2017,0
HVO8,HVO3,-2.67089587896645,2000,2000,no_biosolids,no_biosolids,17,2017,1
HVO8,HVO4,-1.45121543834078,2000,2000,no_biosolids,no_biosolids,17,2017,0
HVO8,HVO5,0.113125540779312,2000,2000,no_biosolids,no_biosolids,17,2017,0
HVO8,HVO6,-1.00893070443898,2000,2000,no_biosolids,no_biosolids,17,2017,0
HVO8,HVO7,-0.424394739780772,2000,2000,no_biosolids,no_biosolids,17,2017,0
HVO8,HVO9,-0.360117153610724,2000,2000,no_biosolids,no_biosolids,17,2017,0
HVO9,HVO1,-0.242813891087245,2000,2000,no_biosolids,no_biosolids,17,2017,0
HVO9,HVO10,-0.298906548021361,2000,2000,no_biosolids,no_biosolids,17,2017,0
HVO9,HVO2,0.33726903829823,2000,2000,no_biosolids,no_biosolids,17,2017,0
HVO9,HVO3,-1.13920262243644,2000,2000,no_biosolids,no_biosolids,17,2017,0
HVO9,HVO4,-1.62275412014997,2000,2000,no_biosolids,no_biosolids,17,2017,0
HVO9,HVO5,0.0312037437280747,2000,2000,no_biosolids,no_biosolids,17,2017,0
HVO9,HVO6,0.982476023120253,2000,2000,no_biosolids,no_biosolids,17,2017,0
HVO9,HVO7,1.10897014285259,2000,2000,no_biosolids,no_biosolids,17,2017,0
HVO9,HVO8,-0.360117153610724,2000,2000,no_biosolids,no_biosolids,17,2017,0
JPD94A_A1,JPD94A_A2,0.220993959950376,1994,1994,no_biosolids,no_biosolids,24,2018,0
JPD94A_A1,JPD94A_A3,-2.03929380905676,1994,1994,no_biosolids,no_biosolids,24,2018,1
JPD94A_A1,JPD94A_B1,-1.90599682517713,1994,1994,no_biosolids,no_biosolids,24,2018,0
JPD94A_A1,JPD94A_B2,-1.24443809139565,1994,1994,no_biosolids,no_biosolids,24,2018,0
JPD94A_A1,JPD94A_B3,-1.69863917392274,1994,1994,no_biosolids,no_biosolids,24,2018,0
JPD94A_A1,JPD94A_C1,-1.18329058471237,1994,1994,no_biosolids,no_biosolids,24,2018,0
JPD94A_A1,JPD94A_C2,-1.94271725855632,1994,1994,no_biosolids,no_biosolids,24,2018,0
JPD94A_A1,JPD94A_C3,-1.99321531617337,1994,1994,no_biosolids,no_biosolids,24,2018,0
JPD94A_A2,JPD94A_A1,0.220993959950376,1994,1994,no_biosolids,no_biosolids,24,2018,0
JPD94A_A2,JPD94A_A3,-0.933779718108039,1994,1994,no_biosolids,no_biosolids,24,2018,0
JPD94A_A2,JPD94A_B1,-0.728355444755787,1994,1994,no_biosolids,no_biosolids,24,2018,0
JPD94A_A2,JPD94A_B2,-0.276641524013944,1994,1994,no_biosolids,no_biosolids,24,2018,0
JPD94A_A2,JPD94A_B3,-1.46436389783922,1994,1994,no_biosolids,no_biosolids,24,2018,0
JPD94A_A2,JPD94A_C1,-1.35485688108719,1994,1994,no_biosolids,no_biosolids,24,2018,0
JPD94A_A2,JPD94A_C2,-1.76346774882975,1994,1994,no_biosolids,no_biosolids,24,2018,0
JPD94A_A2,JPD94A_C3,-1.77617908737055,1994,1994,no_biosolids,no_biosolids,24,2018,0
JPD94A_A3,JPD94A_A1,-2.03929380905676,1994,1994,no_biosolids,no_biosolids,24,2018,1
JPD94A_A3,JPD94A_A2,-0.933779718108039,1994,1994,no_biosolids,no_biosolids,24,2018,0
JPD94A_A3,JPD94A_B1,-1.5493295145096,1994,1994,no_biosolids,no_biosolids,24,2018,0
JPD94A_A3,JPD94A_B2,-1.52129436195539,1994,1994,no_biosolids,no_biosolids,24,2018,0
JPD94A_A3,JPD94A_B3,-1.82013810891928,1994,1994,no_biosolids,no_biosolids,24,2018,0
JPD94A_A3,JPD94A_C1,-1.78136119021506,1994,1994,no_biosolids,no_biosolids,24,2018,0
JPD94A_A3,JPD94A_C2,-2.18816740022642,1994,1994,no_biosolids,no_biosolids,24,2018,1
JPD94A_A3,JPD94A_C3,-2.10130354286636,1994,1994,no_biosolids,no_biosolids,24,2018,1
JPD94A_B1,JPD94A_A1,-1.90599682517713,1994,1994,no_biosolids,no_biosolids,24,2018,0
JPD94A_B1,JPD94A_A2,-0.728355444755787,1994,1994,no_biosolids,no_biosolids,24,2018,0
JPD94A_B1,JPD94A_A3,-1.5493295145096,1994,1994,no_biosolids,no_biosolids,24,2018,0
JPD94A_B1,JPD94A_B2,-1.56716709456948,1994,1994,no_biosolids,no_biosolids,24,2018,0
JPD94A_B1,JPD94A_B3,-0.823465247278341,1994,1994,no_biosolids,no_biosolids,24,2018,0
JPD94A_B1,JPD94A_C1,-2.18346700292339,1994,1994,no_biosolids,no_biosolids,24,2018,1
JPD94A_B1,JPD94A_C2,-2.31157658405457,1994,1994,no_biosolids,no_biosolids,24,2018,1
JPD94A_B1,JPD94A_C3,-2.20219084592124,1994,1994,no_biosolids,no_biosolids,24,2018,1
JPD94A_B2,JPD94A_A1,-1.24443809139565,1994,1994,no_biosolids,no_biosolids,24,2018,0
JPD94A_B2,JPD94A_A2,-0.276641524013944,1994,1994,no_biosolids,no_biosolids,24,2018,0
JPD94A_B2,JPD94A_A3,-1.52129436195539,1994,1994,no_biosolids,no_biosolids,24,2018,0
JPD94A_B2,JPD94A_B1,-1.56716709456948,1994,1994,no_biosolids,no_biosolids,24,2018,0
JPD94A_B2,JPD94A_B3,-1.63166397375132,1994,1994,no_biosolids,no_biosolids,24,2018,0
JPD94A_B2,JPD94A_C1,-0.781544254545973,1994,1994,no_biosolids,no_biosolids,24,2018,0
JPD94A_B2,JPD94A_C2,-1.49249335368128,1994,1994,no_biosolids,no_biosolids,24,2018,0
JPD94A_B2,JPD94A_C3,-2.14576123538119,1994,1994,no_biosolids,no_biosolids,24,2018,1
JPD94A_B3,JPD94A_A1,-1.69863917392274,1994,1994,no_biosolids,no_biosolids,24,2018,0
JPD94A_B3,JPD94A_A2,-1.46436389783922,1994,1994,no_biosolids,no_biosolids,24,2018,0
JPD94A_B3,JPD94A_A3,-1.82013810891928,1994,1994,no_biosolids,no_biosolids,24,2018,0
JPD94A_B3,JPD94A_B1,-0.823465247278341,1994,1994,no_biosolids,no_biosolids,24,2018,0
JPD94A_B3,JPD94A_B2,-1.63166397375132,1994,1994,no_biosolids,no_biosolids,24,2018,0
JPD94A_B3,JPD94A_C1,-1.42121764213271,1994,1994,no_biosolids,no_biosolids,24,2018,0
JPD94A_B3,JPD94A_C2,-0.744083131935947,1994,1994,no_biosolids,no_biosolids,24,2018,0
JPD94A_B3,JPD94A_C3,-0.856728843946393,1994,1994,no_biosolids,no_biosolids,24,2018,0
JPD94A_C1,JPD94A_A1,-1.18329058471237,1994,1994,no_biosolids,no_biosolids,24,2018,0
JPD94A_C1,JPD94A_A2,-1.35485688108719,1994,1994,no_biosolids,no_biosolids,24,2018,0
JPD94A_C1,JPD94A_A3,-1.78136119021506,1994,1994,no_biosolids,no_biosolids,24,2018,0
JPD94A_C1,JPD94A_B1,-2.18346700292339,1994,1994,no_biosolids,no_biosolids,24,2018,1
JPD94A_C1,JPD94A_B2,-0.781544254545973,1994,1994,no_biosolids,no_biosolids,24,2018,0
JPD94A_C1,JPD94A_B3,-1.42121764213271,1994,1994,no_biosolids,no_biosolids,24,2018,0
JPD94A_C1,JPD94A_C2,-2.88625325142817,1994,1994,no_biosolids,no_biosolids,24,2018,1
JPD94A_C1,JPD94A_C3,-2.60916731129282,1994,1994,no_biosolids,no_biosolids,24,2018,1
JPD94A_C2,JPD94A_A1,-1.94271725855632,1994,1994,no_biosolids,no_biosolids,24,2018,0
JPD94A_C2,JPD94A_A2,-1.76346774882975,1994,1994,no_biosolids,no_biosolids,24,2018,0
JPD94A_C2,JPD94A_A3,-2.18816740022642,1994,1994,no_biosolids,no_biosolids,24,2018,1
JPD94A_C2,JPD94A_B1,-2.31157658405457,1994,1994,no_biosolids,no_biosolids,24,2018,1
JPD94A_C2,JPD94A_B2,-1.49249335368128,1994,1994,no_biosolids,no_biosolids,24,2018,0
JPD94A_C2,JPD94A_B3,-0.744083131935947,1994,1994,no_biosolids,no_biosolids,24,2018,0
JPD94A_C2,JPD94A_C1,-2.88625325142817,1994,1994,no_biosolids,no_biosolids,24,2018,1
JPD94A_C2,JPD94A_C3,-2.30380209739826,1994,1994,no_biosolids,no_biosolids,24,2018,1
JPD94A_C3,JPD94A_A1,-1.99321531617337,1994,1994,no_biosolids,no_biosolids,24,2018,0
JPD94A_C3,JPD94A_A2,-1.77617908737055,1994,1994,no_biosolids,no_biosolids,24,2018,0
JPD94A_C3,JPD94A_A3,-2.10130354286636,1994,1994,no_biosolids,no_biosolids,24,2018,1
JPD94A_C3,JPD94A_B1,-2.20219084592124,1994,1994,no_biosolids,no_biosolids,24,2018,1
JPD94A_C3,JPD94A_B2,-2.14576123538119,1994,1994,no_biosolids,no_biosolids,24,2018,1
JPD94A_C3,JPD94A_B3,-0.856728843946393,1994,1994,no_biosolids,no_biosolids,24,2018,0
JPD94A_C3,JPD94A_C1,-2.60916731129282,1994,1994,no_biosolids,no_biosolids,24,2018,1
JPD94A_C3,JPD94A_C2,-2.30380209739826,1994,1994,no_biosolids,no_biosolids,24,2018,1
TDA12A1_A1,TDA12A1_A2,-1.9908838382371,2013,2013,biosolids,biosolids,5,2018,0
TDA12A1_A1,TDA12A1_A3,-1.22093898395842,2013,2013,biosolids,biosolids,5,2018,0
TDA12A1_A1,TDA12A1_B1,-2.13262750912913,2013,2013,biosolids,biosolids,5,2018,1
TDA12A1_A1,TDA12A1_B3,-2.14073314825627,2013,2013,biosolids,biosolids,5,2018,1
TDA12A1_A1,TDA12A1_C1,-0.129249485371086,2013,2013,biosolids,biosolids,5,2018,0
TDA12A1_A1,TDA12A1_C3,-0.964196905231187,2013,2013,biosolids,biosolids,5,2018,0
TDA12A1_A2,TDA12A1_A1,-1.9908838382371,2013,2013,biosolids,biosolids,5,2018,0
TDA12A1_A2,TDA12A1_A3,-2.08850606627524,2013,2013,biosolids,biosolids,5,2018,1
TDA12A1_A2,TDA12A1_B1,-1.70332565931903,2013,2013,biosolids,biosolids,5,2018,0
TDA12A1_A2,TDA12A1_B3,-1.91609297798818,2013,2013,biosolids,biosolids,5,2018,0
TDA12A1_A2,TDA12A1_C1,-2.06023925453814,2013,2013,biosolids,biosolids,5,2018,1
TDA12A1_A2,TDA12A1_C3,-2.06484040449739,2013,2013,biosolids,biosolids,5,2018,1
TDA12A1_A3,TDA12A1_A1,-1.22093898395842,2013,2013,biosolids,biosolids,5,2018,0
TDA12A1_A3,TDA12A1_A2,-2.08850606627524,2013,2013,biosolids,biosolids,5,2018,1
TDA12A1_A3,TDA12A1_B1,-1.14126149184094,2013,2013,biosolids,biosolids,5,2018,0
TDA12A1_A3,TDA12A1_B3,-1.58839181555,2013,2013,biosolids,biosolids,5,2018,0
TDA12A1_A3,TDA12A1_C1,-0.830188630300644,2013,2013,biosolids,biosolids,5,2018,0
TDA12A1_A3,TDA12A1_C3,-0.645985060532589,2013,2013,biosolids,biosolids,5,2018,0
TDA12A1_B1,TDA12A1_A1,-2.13262750912913,2013,2013,biosolids,biosolids,5,2018,1
TDA12A1_B1,TDA12A1_A2,-1.70332565931903,2013,2013,biosolids,biosolids,5,2018,0
TDA12A1_B1,TDA12A1_A3,-1.14126149184094,2013,2013,biosolids,biosolids,5,2018,0
TDA12A1_B1,TDA12A1_B3,-1.93405493395097,2013,2013,biosolids,biosolids,5,2018,0
TDA12A1_B1,TDA12A1_C1,-1.84611705970564,2013,2013,biosolids,biosolids,5,2018,0
TDA12A1_B1,TDA12A1_C3,-1.1565534357322,2013,2013,biosolids,biosolids,5,2018,0
TDA12A1_B3,TDA12A1_A1,-2.14073314825627,2013,2013,biosolids,biosolids,5,2018,1
TDA12A1_B3,TDA12A1_A2,-1.91609297798818,2013,2013,biosolids,biosolids,5,2018,0
TDA12A1_B3,TDA12A1_A3,-1.58839181555,2013,2013,biosolids,biosolids,5,2018,0
TDA12A1_B3,TDA12A1_B1,-1.93405493395097,2013,2013,biosolids,biosolids,5,2018,0
TDA12A1_B3,TDA12A1_C1,-1.75817593164033,2013,2013,biosolids,biosolids,5,2018,0
TDA12A1_B3,TDA12A1_C3,-1.2682586446853,2013,2013,biosolids,biosolids,5,2018,0
TDA12A1_C1,TDA12A1_A1,-0.129249485371086,2013,2013,biosolids,biosolids,5,2018,0
TDA12A1_C1,TDA12A1_A2,-2.06023925453814,2013,2013,biosolids,biosolids,5,2018,1
TDA12A1_C1,TDA12A1_A3,-0.830188630300644,2013,2013,biosolids,biosolids,5,2018,0
TDA12A1_C1,TDA12A1_B1,-1.84611705970564,2013,2013,biosolids,biosolids,5,2018,0
TDA12A1_C1,TDA12A1_B3,-1.75817593164033,2013,2013,biosolids,biosolids,5,2018,0
TDA12A1_C1,TDA12A1_C3,-1.62513888779613,2013,2013,biosolids,biosolids,5,2018,0
TDA12A1_C3,TDA12A1_A1,-0.964196905231187,2013,2013,biosolids,biosolids,5,2018,0
TDA12A1_C3,TDA12A1_A2,-2.06484040449739,2013,2013,biosolids,biosolids,5,2018,1
TDA12A1_C3,TDA12A1_A3,-0.645985060532589,2013,2013,biosolids,biosolids,5,2018,0
TDA12A1_C3,TDA12A1_B1,-1.1565534357322,2013,2013,biosolids,biosolids,5,2018,0
TDA12A1_C3,TDA12A1_B3,-1.2682586446853,2013,2013,biosolids,biosolids,5,2018,0
TDA12A1_C3,TDA12A1_C1,-1.62513888779613,2013,2013,biosolids,biosolids,5,2018,0
VNWD98A2_A1,VNWD98A2_A2,-1.64961767286252,1998,1998,no_biosolids,no_biosolids,20,2018,0
VNWD98A2_A1,VNWD98A2_B1,-1.16657053220346,1998,1998,no_biosolids,no_biosolids,20,2018,0
VNWD98A2_A2,VNWD98A2_A1,-1.64961767286252,1998,1998,no_biosolids,no_biosolids,20,2018,0
VNWD98A2_A2,VNWD98A2_B1,-1.91351834548366,1998,1998,no_biosolids,no_biosolids,20,2018,0
VNWD98A2_B1,VNWD98A2_A1,-1.16657053220346,1998,1998,no_biosolids,no_biosolids,20,2018,0
VNWD98A2_B1,VNWD98A2_A2,-1.91351834548366,1998,1998,no_biosolids,no_biosolids,20,2018,0
